casnumber,chemicalname,proposed_parent_cas_dashed,proposed_parent_casnumber,proposed_parent_name,proposed_match_rationale,confidence,notes
50635,"Chloroquine bis(phosphate);Phosphoric acid--N~4~-(7-chloroquinolin-4-yl)-N~1~,N~1~-diethylpentane-1,4-diamine (2/1)",54-05-1,54051,Chloroquine,phosphate salt of organic base -> free base (antimalarial),high,
55481,"Atropine sulfate anhydrous (2:1) salt;Sulfuric acid--(1R,3r,5S)-8-methyl-8-azabicyclo[3.2.1]octan-3-yl 3-hydroxy-2-phenylpropanoate (1/2)",51-55-8,51558,Atropine,sulfate salt of organic base -> free base (alkaloid),high,
55550,N-Methyl-p-aminophenol sulfate;Sulfuric acid--4-(methylamino)phenol (1/2),150-75-4,150754,4-(Methylamino)phenol,sulfate salt of organic base -> free base (photographic developer Metol),high,
55867,Nitrogen mustard hydrochloride;2-Chloro-N-(2-chloroethyl)-N-methylethan-1-amine--hydrogen chloride (1/1),51-75-2,51752,Mechlorethamine (nitrogen mustard),HCl salt of organic base -> free base,high,
55970,"N1,N1,N1,N6,N6,N6-Hexamethyl-1,6-hexanediaminium bromide (1:2)",55-97-0,55970,Hexamethonium bromide,"direct - no simpler parent: bis-quaternary ammonium salt, cation permanently charged",high,
56348,"Tetraethylammonium chloride;N,N,N-Triethylethanaminium chloride",56-34-8,56348,Tetraethylammonium chloride,"direct - no simpler parent: quaternary ammonium salt, cation is the active moiety",high,
56371,"Benzyltriethylammonium chloride;N-Benzyl-N,N-diethylethanaminium chloride",56-37-1,56371,Benzyltriethylammonium chloride,direct - no simpler parent: quaternary ammonium salt,high,
56575,4-Nitroquinoline 1-oxide,56-57-5,56575,4-Nitroquinoline 1-oxide,direct - no simpler parent: N-oxide is integral to the registered mutagen test chemical,high,
56939,"Benzyltrimethylammonium chloride;N,N,N-Trimethyl(phenyl)methanaminium chloride",56-93-9,56939,Benzyltrimethylammonium chloride,direct - no simpler parent: quaternary ammonium salt,high,
57090,"Hexadecyltrimethylammonium bromide;N,N,N-Trimethylhexadecan-1-aminium bromide",57-09-0,57090,Hexadecyltrimethylammonium bromide (CTAB),direct - no simpler parent: quaternary ammonium salt,high,
58935,"6-Chloro-3,4-dihydro-2H-1,2,4-benzothiadiazine-7-sulfonamide 1,1-dioxide",58-93-5,58935,Hydrochlorothiazide,direct - no simpler parent: registered pharmaceutical (diuretic) active ingredient,high,
59972,"Tolazoline hydrochloride;2-Benzyl-4,5-dihydro-1H-imidazole--hydrogen chloride (1/1)",59-98-3,59983,Tolazoline,HCl salt of organic base -> free base,high,
60139,Amphetamine sulfate;Sulfuric acid--1-phenylpropan-2-amine (1/2),300-62-9,300629,Amphetamine,sulfate salt of organic base -> free base,high,
61734,"Methylene blue;3,7-Bis(dimethylamino)phenothiazin-5-ium chloride",61-73-4,61734,Methylene blue,"direct - no simpler parent: phenothiazinium chloride dye, cation is a permanently charged chromophore (consistent with Malachite green oxalate precedent in lookup)",high,
62737,"Dichlorvos;2,2-Dichloroethenyl dimethyl phosphate",62-73-7,62737,Dichlorvos,direct - no simpler parent: registered organophosphate insecticide active ingredient,high,Reused from Stage 2b pilot (scripts/stage2b-pilot-results.csv) - same CAS appeared in both samples.
64722,"Chlortetracycline hydrochloride;(4S,4aS,5aS,6S,12aS)-7-Chloro-4-(dimethylamino)-3,6,10,12,12a-pentahydroxy-6-methyl-1,11-dioxo-1,4,4a,5,5a,6,11,12a-octahydrotetracene-2-carboxamide--hydrogen chloride (1/1)",57-62-5,57625,Chlortetracycline,HCl salt of organic base -> free base (tetracycline antibiotic),high,
64755,"Tetracycline hydrochloride;(4S,4aS,5aS,6S,12aS)-4-(Dimethylamino)-3,6,10,12,12a-pentahydroxy-6-methyl-1,11-dioxo-1,4,4a,5,5a,6,11,12a-octahydrotetracene-2-carboxamide--hydrogen chloride (1/1)",60-54-8,60548,Tetracycline,HCl salt of organic base -> free base (tetracycline antibiotic),high,
65305,Nicotine sulfate;Sulfuric acid--3-[(2S)-1-methylpyrrolidin-2-yl]pyridine (1/2),54-11-5,54115,Nicotine,sulfate salt of organic base -> free base (alkaloid),high,
67038,"3-[(4-Amino-2-methyl-5-pyrimidinyl)methyl]-5-(2-hydroxyethyl)-4-methylthiazolium chloride (1:1), hydrochloride (1:1)",67-03-8,67038,Thiamine chloride hydrochloride (Vitamin B1),direct - no simpler parent: quaternary thiazolium core cannot be neutralized to a free base; registered as this salt form,medium,"Compound has a second, separable HCl on the exocyclic pyrimidinylamine in addition to the intrinsic thiazolium chloride. A stricter reading could strip that second HCl to a ""monohydrochloride"" form, but that species has no independent common reference CAS in ecotox use, so kept as itself. Flag for reviewer."
67481,"Choline chloride;2-Hydroxy-N,N,N-trimethylethan-1-aminium chloride",67-48-1,67481,Choline chloride,direct - no simpler parent: quaternary ammonium salt (choline cation),high,
68042,"Trisodium citrate;Trisodium 2-hydroxypropane-1,2,3-tricarboxylate",68-04-2,68042,Trisodium citrate,"direct - no simpler parent: sodium salt of citric acid, common buffering salt (consistent with Sodium decanoate/Sodium propionate precedent in lookup)",high,
71910,"N,N,N-Triethylethanaminium bromide",71-91-0,71910,Tetraethylammonium bromide,direct - no simpler parent: quaternary ammonium salt,high,
74839,Methyl bromide;Bromomethane,74-83-9,74839,Methyl bromide,"direct - no simpler parent: simple organohalide, registered fumigant",high,
74884,Methyl iodide;Iodomethane,74-88-4,74884,Methyl iodide,direct - no simpler parent: simple organohalide,high,
75014,Vinyl chloride;Chloroethene,75-01-4,75014,Vinyl chloride,direct - no simpler parent: simple organohalide monomer,high,
75183,Dimethyl sulfide;(Methylsulfanyl)methane,75-18-3,75183,Dimethyl sulfide,direct - no simpler parent: simple organosulfide,high,
75218,Ethylene oxide;Oxirane,75-21-8,75218,Ethylene oxide,direct - no simpler parent: simple epoxide,high,
75365,Acetyl chloride;Acetyl chloride,75-36-5,75365,Acetyl chloride,"direct - no simpler parent: acid chloride, distinct reactive chemical tested/registered in its own right",high,
75569,"1,2-Propylene oxide;2-Methyloxirane",75-56-9,75569,"1,2-Propylene oxide",direct - no simpler parent: simple epoxide,high,
75570,"Tetramethylammonium chloride;N,N,N-Trimethylmethanaminium chloride",75-57-0,75570,Tetramethylammonium chloride,direct - no simpler parent: quaternary ammonium salt,high,
76493,"(1R,2S,4R)-rel-1,7,7-Trimethylbicyclo[2.2.1]heptan-2-ol acetate",76-49-3,76493,Isobornyl acetate,"direct - no simpler parent: simple ester of a terpene alcohol, distinct fragrance/industrial chemical (cf. Ethyl chloroacetate precedent: simple esters not collapsed to acetic acid)",high,
76879,Triphenyltin hydroxide;Triphenylstannanol,76-87-9,76879,Triphenyltin hydroxide (Fentin hydroxide),"direct - no simpler parent: registered triphenyltin fungicide active ingredient, reference congener for the triphenyltin moiety",high,
77781,Dimethyl sulfate;Dimethyl sulfate,77-78-1,77781,Dimethyl sulfate,direct - no simpler parent: distinct industrial methylating agent,high,
77907,"Acetyl tributyl citrate;Tributyl 2-(acetyloxy)propane-1,2,3-tricarboxylate",77-90-7,77907,Acetyl tributyl citrate,"direct - no simpler parent: citrate ester plasticizer, distinct industrial chemical (not a pesticide active ingredient)",high,
78320,Tris(4-methylphenyl) phosphate;Tris(4-methylphenyl) phosphate,78-32-0,78320,Tris(4-methylphenyl) phosphate,"direct - no simpler parent: phosphate ester flame retardant/plasticizer (cf. ""Phosphoric acid, Tripropyl ester"" precedent in lookup: simple phosphate esters not collapsed to phosphoric acid)",high,
78400,Triethyl phosphate;Triethyl phosphate,78-40-0,78400,Triethyl phosphate,"direct - no simpler parent: phosphate ester, distinct industrial chemical",high,
78422,Tris(2-ethylhexyl) phosphate;Tris(2-ethylhexyl) phosphate,78-42-2,78422,Tris(2-ethylhexyl) phosphate,"direct - no simpler parent: phosphate ester, distinct industrial chemical",high,
78513,Tris(2-butoxyethyl) phosphate;Tris(2-butoxyethyl) phosphate,78-51-3,78513,Tris(2-butoxyethyl) phosphate,"direct - no simpler parent: phosphate ester, distinct industrial chemical",high,
79209,Methyl acetate;Methyl acetate,79-20-9,79209,Methyl acetate,"direct - no simpler parent: simple ester, distinct industrial solvent",high,
80262,"alpha,alpha,4-Trimethyl-3-cyclohexene-1-methanol 1-acetate",80-26-2,80262,Terpinyl acetate,"direct - no simpler parent: terpene alcohol acetate ester, fragrance chemical",high,
81889,"Rhodamine B;9-(2-Carboxyphenyl)-3,6-bis(diethylamino)xanthen-10-ium chloride",81-88-9,81889,Rhodamine B,"direct - no simpler parent: xanthenium chloride dye, cation is a permanently charged chromophore (cf. Malachite green oxalate precedent)",high,
86408,"3,6-Diamino-10-methylacridinium chloride;3,6-Diamino-10-methylacridin-10-ium chloride",86-40-8,86408,"3,6-Diamino-10-methylacridinium chloride","direct - no simpler parent: acridinium chloride dye, cation permanently charged",high,
87912,"Diethyl L-tartrate;Diethyl (2R,3R)-2,3-dihydroxybutanedioate",87-91-2,87912,Diethyl L-tartrate,"direct - no simpler parent: ester of tartaric acid, distinct industrial/food chemical",high,
93787,"2,4,5-T-isopropyl;Propan-2-yl (2,4,5-trichlorophenoxy)acetate",93-76-5,93765,"2,4,5-T","isopropyl ester -> 2,4,5-T acid parent (phenoxy herbicide ester convention)",high,
93798,"Butyl (2,4,5-trichlorophenoxy)acetate;Butyl (2,4,5-trichlorophenoxy)acetate",93-76-5,93765,"2,4,5-T","butyl ester -> 2,4,5-T acid parent",high,
94111,"2,4-D isopropyl ester;Propan-2-yl (2,4-dichlorophenoxy)acetate",94-75-7,94757,"2,4-D","isopropyl ester -> 2,4-D acid parent",high,
94804,"2,4-D 1-butyl ester;Butyl (2,4-dichlorophenoxy)acetate",94-75-7,94757,"2,4-D","butyl ester -> 2,4-D acid parent",high,Reused from Stage 2b pilot - same CAS appeared in both samples.
96093,Styrene oxide;2-Phenyloxirane,96-09-3,96093,Styrene oxide,direct - no simpler parent: simple epoxide,high,
98044,"Phenyltrimethylammonium iodide;N,N,N-Trimethylanilinium iodide",98-04-4,98044,Phenyltrimethylammonium iodide,direct - no simpler parent: quaternary ammonium salt,high,
98099,Benzenesulfonyl chloride;Benzenesulfonyl chloride,98-09-9,98099,Benzenesulfonyl chloride,"direct - no simpler parent: sulfonyl chloride, reactive industrial chemical",high,
98599,p-Toluenesulfonyl chloride;4-Methylbenzene-1-sulfonyl chloride,98-59-9,98599,p-Toluenesulfonyl chloride,"direct - no simpler parent: sulfonyl chloride, reactive industrial chemical",high,
98873,Benzal chloride;(Dichloromethyl)benzene,98-87-3,98873,Benzal chloride,direct - no simpler parent: simple organohalide,high,
98884,Benzoyl chloride;Benzoyl chloride,98-88-4,98884,Benzoyl chloride,"direct - no simpler parent: acid chloride, distinct reactive chemical",high,
100141,4-Nitrobenzyl chloride;1-(Chloromethyl)-4-nitrobenzene,100-14-1,100141,4-Nitrobenzyl chloride,direct - no simpler parent: simple organohalide,high,
100447,Benzyl chloride;(Chloromethyl)benzene,100-44-7,100447,Benzyl chloride,direct - no simpler parent: simple organohalide,high,
101848,"Diphenyl oxide;1,1'-Oxydibenzene",101-84-8,101848,Diphenyl oxide,direct - no simpler parent: simple aromatic ether,high,
103548,3-Phenylprop-2-en-1-yl acetate;3-Phenylprop-2-en-1-yl acetate,103-54-8,103548,Cinnamyl acetate,"direct - no simpler parent: simple ester, fragrance chemical",high,
106876,4-Vinyl-1-cyclohexene dioxide;3-(Oxiran-2-yl)-7-oxabicyclo[4.1.0]heptane,106-87-6,106876,4-Vinyl-1-cyclohexene dioxide,"direct - no simpler parent: diepoxide, distinct industrial chemical (""dioxide"" here is a diepoxide, not a metal oxide)",high,
106956,Allyl bromide;3-Bromoprop-1-ene,106-95-6,106956,Allyl bromide,direct - no simpler parent: simple organohalide,high,
107471,tert-Butyl sulfide;2-(tert-Butylsulfanyl)-2-methylpropane,107-47-1,107471,tert-Butyl sulfide,direct - no simpler parent: simple organosulfide,high,
107642,"Dimethyldioctadecylammonium chloride;N,N-Dimethyl-N-octadecyloctadecan-1-aminium chloride",107-64-2,107642,Dimethyldioctadecylammonium chloride,direct - no simpler parent: quaternary ammonium salt,high,
107664,Dibutyl hydrogen phosphate,107-66-4,107664,Dibutyl hydrogen phosphate,"direct - no simpler parent: phosphate diester (cf. ""Phosphoric acid, Tripropyl ester"" precedent)",high,
108054,Vinyl acetate;Ethenyl acetate,108-05-4,108054,Vinyl acetate,direct - no simpler parent: simple ester monomer,high,
108214,Isopropyl acetate;Propan-2-yl acetate,108-21-4,108214,Isopropyl acetate,direct - no simpler parent: simple ester,high,
108656,1-Methoxy-2-propyl acetate;1-Methoxypropan-2-yl acetate,108-65-6,108656,1-Methoxy-2-propyl acetate,direct - no simpler parent: simple ester (glycol ether acetate solvent),high,
108849,Methyl amyl acetate,108-84-9,108849,Methyl amyl acetate,direct - no simpler parent: simple ester solvent,high,
109604,Propyl acetate;Propyl acetate,109-60-4,109604,Propyl acetate,direct - no simpler parent: simple ester,high,
110190,Isobutyl acetate;2-Methylpropyl acetate,110-19-0,110190,Isobutyl acetate,direct - no simpler parent: simple ester,high,
110496,2-Methoxyethyl acetate;2-Methoxyethyl acetate,110-49-6,110496,2-Methoxyethyl acetate,direct - no simpler parent: simple ester (glycol ether acetate solvent),high,
111159,2-Ethoxyethyl acetate;2-Ethoxyethyl acetate,111-15-9,111159,2-Ethoxyethyl acetate,direct - no simpler parent: simple ester (glycol ether acetate solvent),high,
111171,"Bis(2-carboxyethyl) sulfide;3,3'-Sulfanediyldipropanoic acid",111-17-1,111171,Bis(2-carboxyethyl) sulfide,direct - no simpler parent: distinct organosulfur diacid,high,
111477,Propyl sulfide;1-(Propylsulfanyl)propane,111-47-7,111477,Propyl sulfide,direct - no simpler parent: simple organosulfide,high,
112005,"Dodecyltrimethylammonium chloride;N,N,N-Trimethyldodecan-1-aminium chloride",112-00-5,112005,Dodecyltrimethylammonium chloride,direct - no simpler parent: quaternary ammonium salt,high,
112027,"Hexadecyl trimethyl ammonium chloride;N,N,N-Trimethylhexadecan-1-aminium chloride",112-02-7,112027,Hexadecyltrimethylammonium chloride (cetrimonium chloride),direct - no simpler parent: quaternary ammonium salt,high,
112038,"N,N,N-Trimethyloctadecan-1-aminium chloride",112-03-8,112038,"N,N,N-Trimethyloctadecan-1-aminium chloride (stearalkonium chloride)",direct - no simpler parent: quaternary ammonium salt,high,
112130,Decanoyl chloride,112-13-0,112130,Decanoyl chloride,direct - no simpler parent: acid chloride,high,
115311,"Thanite;(1R,2R,4R)-1,7,7-Trimethylbicyclo[2.2.1]heptan-2-yl (thiocyanato)acetate",115-31-1,115311,Thanite (isobornyl thiocyanoacetate),"direct - no simpler parent: registered insecticide active ingredient is itself this ester (not a multi-formulation regulatory ester-collapse case like 2,4-D)",high,
115866,Triphenyl phosphate;Triphenyl phosphate,115-86-6,115866,Triphenyl phosphate,"direct - no simpler parent: phosphate ester, distinct industrial chemical",high,
115968,Tris(2-chloroethyl) phosphate;Tris(2-chloroethyl) phosphate,115-96-8,115968,Tris(2-chloroethyl) phosphate,direct - no simpler parent: phosphate ester flame retardant,high,
121540,"Benzethonium chloride;N-Benzyl-N,N-dimethyl-2-{2-[4-(2,4,4-trimethylpentan-2-yl)phenoxy]ethoxy}ethan-1-aminium chloride",121-54-0,121540,Benzethonium chloride,direct - no simpler parent: quaternary ammonium salt (antiseptic),high,
122101,Dimethyl 3-hydroxyglutaconate dimethyl phosphate;Dimethyl (2Z)-3-[(dimethoxyphosphoryl)oxy]pent-2-enedioate,122-10-1,122101,Dimethyl 3-hydroxyglutaconate dimethyl phosphate,"direct - no simpler parent: organophosphate ester compound, distinct registered entity",medium,Could not independently verify a more specific common name/registration for this exact organophosphate triester structure; treated as its own parent absent a simpler-parent candidate.
122792,Phenyl acetate;Phenyl acetate,122-79-2,122792,Phenyl acetate,direct - no simpler parent: simple ester,high,
123035,Cetylpyridinium chloride;1-Hexadecylpyridin-1-ium chloride,123-03-5,123035,Cetylpyridinium chloride,direct - no simpler parent: quaternary pyridinium salt (antiseptic),high,
123864,Butyl acetate;Butyl acetate,123-86-4,123864,Butyl acetate,direct - no simpler parent: simple ester,high,
123922,3-Methylbutyl acetate;3-Methylbutyl acetate,123-92-2,123922,Isoamyl acetate,direct - no simpler parent: simple ester,high,
124038,"Ethylhexadecyldimethylammonium bromide;N-Ethyl-N,N-dimethylhexadecan-1-aminium bromide",124-03-8,124038,Ethylhexadecyldimethylammonium bromide,direct - no simpler parent: quaternary ammonium salt,high,
124389,Carbon dioxide,124-38-9,124389,Carbon dioxide,"direct - no simpler parent: simple inorganic gas, conventionally its own analyte",high,
124630,Methanesulfonyl chloride;Methanesulfonyl chloride,124-63-0,124630,Methanesulfonyl chloride,direct - no simpler parent: sulfonyl chloride,high,
126727,"Tris(2,3-dibromopropyl) phosphate;Tris(2,3-dibromopropyl) phosphate",126-72-7,126727,"Tris(2,3-dibromopropyl) phosphate",direct - no simpler parent: phosphate ester flame retardant,high,
126738,Tributyl phosphate;Tributyl phosphate,126-73-8,126738,Tributyl phosphate,direct - no simpler parent: phosphate ester,high,
127082,Potassium acetate;Potassium acetate,127-08-2,127082,Potassium acetate,direct - no simpler parent: common buffering salt (cf. Sodium decanoate/propionate precedent),high,
127093,Sodium acetate;Sodium acetate,127-09-3,127093,Sodium acetate,direct - no simpler parent: common buffering salt,high,
130610,Thioridazine hydrochloride;10-[2-(1-Methylpiperidin-2-yl)ethyl]-2-(methylsulfanyl)-10H-phenothiazine--hydrogen chloride (1/1),50-52-2,50522,Thioridazine,HCl salt of organic base -> free base (antipsychotic),high,
134305,"8-Hydroxyquinoline citrate;2-Hydroxypropane-1,2,3-tricarboxylic acid--quinolin-8-ol (1/1)",148-24-3,148243,8-Hydroxyquinoline,citrate salt of organic base -> free base,high,
134316,8-Hydroxyquinoline sulfate;Sulfuric acid--quinolin-8-ol (1/2),148-24-3,148243,8-Hydroxyquinoline,sulfate salt of organic base -> free base,high,
136403,"Phenazopyridine hydrochloride;3-(Phenyldiazenyl)pyridine-2,6-diamine--hydrogen chloride (1/1)",94-78-0,94780,Phenazopyridine,HCl salt of organic base -> free base,high,
137166,Sodium [dodecanoyl(methyl)amino]acetate,137-16-6,137166,Sodium [dodecanoyl(methyl)amino]acetate,direct - no simpler parent: sodium salt of an N-acyl amino acid surfactant (cf. sodium organic-acid-salt precedent),high,
137882,Amprolium hydrochloride;1-[(4-Amino-2-propylpyrimidin-5-yl)methyl]-2-methylpyridin-1-ium chloride--hydrogen chloride (1/1/1),137-88-2,137882,Amprolium hydrochloride,direct - no simpler parent: quaternary pyridinium core is intrinsic to the registered veterinary drug (Amprolium HCl is itself the standard reference form),high,
139071,"Benzyldimethyldodecylammonium chloride;N-Benzyl-N,N-dimethyldodecan-1-aminium chloride",139-07-1,139071,Benzyldimethyldodecylammonium chloride,direct - no simpler parent: quaternary ammonium salt,high,
139082,"N,N-Dimethyl-N-tetradecyl-benzenemethanaminium chloride (1:1)",139-08-2,139082,"N,N-Dimethyl-N-tetradecylbenzenemethanaminium chloride",direct - no simpler parent: quaternary ammonium salt,high,
140114,Benzyl acetate;Benzyl acetate,140-11-4,140114,Benzyl acetate,direct - no simpler parent: simple ester,high,
140727,Cetylpyridinium bromide;1-Hexadecylpyridin-1-ium bromide,140-72-7,140727,Cetylpyridinium bromide,direct - no simpler parent: quaternary pyridinium salt,high,
141537,Sodium formate;Sodium formate,141-53-7,141537,Sodium formate,direct - no simpler parent: common buffering salt,high,
141662,Dicrotophos;(2E)-4-(Dimethylamino)-4-oxobut-2-en-2-yl dimethyl phosphate,141-66-2,141662,Dicrotophos,direct - no simpler parent: registered organophosphate insecticide active ingredient,high,
141786,Ethyl acetate;Ethyl acetate,141-78-6,141786,Ethyl acetate,direct - no simpler parent: simple ester,high,
142314,Octyl sodium sulfate,142-31-4,142314,Octyl sodium sulfate,"direct - no simpler parent: alkyl sulfate ester surfactant, sodium is just the counterion",high,
142870,Sodium decyl sulfate;Sodium decyl sulfate,142-87-0,142870,Sodium decyl sulfate,direct - no simpler parent: alkyl sulfate ester surfactant,high,
142927,Hexyl acetate;Hexyl acetate,142-92-7,142927,Hexyl acetate,direct - no simpler parent: simple ester,high,
144558,Sodium bicarbonate;Sodium hydrogen carbonate,144-55-8,144558,Sodium bicarbonate,direct - no simpler parent: common buffering/alkalinity salt,high,
147240,"Diphenhydramine hydrochloride;2-(Diphenylmethoxy)-N,N-dimethylethan-1-amine--hydrogen chloride (1/1)",58-73-1,58731,Diphenhydramine,HCl salt of organic base -> free base,high,
151213,Sodium dodecyl sulfate;Sodium dodecyl sulfate,151-21-3,151213,Sodium dodecyl sulfate,direct - no simpler parent: alkyl sulfate ester surfactant,high,
151417,Lauryl sulfate;Dodecyl hydrogen sulfate,151-41-7,151417,Lauryl sulfate (dodecyl hydrogen sulfate),"direct - no simpler parent: alkyl sulfate ester, acid form is itself the registered substance",high,
151633,2-Aminoacetonitrile sulfate (1:1),540-61-4,540614,2-Aminoacetonitrile,sulfate salt of organic base -> free base,high,
152114,"Verapamil hydrochloride;2-(3,4-Dimethoxyphenyl)-5-{[2-(3,4-dimethoxyphenyl)ethyl](methyl)amino}-2-(propan-2-yl)pentanenitrile--hydrogen chloride (1/1)",52-53-9,52539,Verapamil,HCl salt of organic base -> free base,high,
298077,Bis(2-ethylhexyl) phosphate;Bis(2-ethylhexyl) hydrogen phosphate,298-07-7,298077,Bis(2-ethylhexyl) phosphate,"direct - no simpler parent: phosphate diester, distinct industrial chemical",high,
300765,"Naled;1,2-Dibromo-2,2-dichloroethyl dimethyl phosphate",300-76-5,300765,Naled,direct - no simpler parent: registered organophosphate insecticide active ingredient (manufactured by bromination of dichlorvos but registered as a distinct active ingredient),medium,Reused from Stage 2b pilot - same CAS appeared in both samples.
306525,"Triclofos;2,2,2-Trichloroethyl dihydrogen phosphate",306-52-5,306525,Triclofos,"direct - no simpler parent: registered pharmaceutical active ingredient (itself the phosphate monoester, not a multi-formulation ester case)",high,
306672,"Spermine tetrahydrochloride;N~1~,N~4~-Bis(3-aminopropyl)butane-1,4-diamine--hydrogen chloride (1/4)",71-44-3,71443,Spermine,HCl salt (tetrahydrochloride) of organic base -> free base (polyamine),high,
307357,"1,1,2,2,3,3,4,4,5,5,6,6,7,7,8,8,8-Heptadecafluoro-1-octanesulfonyl fluoride",307-35-7,307357,Perfluorooctanesulfonyl fluoride,"direct - no simpler parent: PFAS precursor / reactive sulfonyl fluoride, distinct registered chemical",high,
311284,"Tetrabutylammonium iodide;N,N,N-Tributylbutan-1-aminium iodide",311-28-4,311284,Tetrabutylammonium iodide,direct - no simpler parent: quaternary ammonium salt,high,
311455,Paraoxon;Diethyl 4-nitrophenyl phosphate,311-45-5,311455,Paraoxon,"direct - no simpler parent: organophosphate compound (oxon metabolite of parathion, tracked as its own analyte)",high,
318989,Propranolol hydrochloride;1-[(Naphthalen-1-yl)oxy]-3-[(propan-2-yl)amino]propan-2-ol--hydrogen chloride (1/1),52-56-8,52568,Propranolol,HCl salt of organic base -> free base,high,
333186,"Ethylenediamine dihydrochloride;Ethane-1,2-diamine--hydrogen chloride (1/2)",107-15-3,107153,Ethylenediamine,HCl salt (dihydrochloride) of organic base -> free base,high,
341695,"Orphenadrine hydrochloride;N,N-Dimethyl-2-[(2-methylphenyl)(phenyl)methoxy]ethan-1-amine--hydrogen chloride (1/1)",4682-36-4,4682364,Orphenadrine,HCl salt of organic base -> free base,high,
379522,Triphenyltin fluoride;Fluoro(triphenyl)stannane,76-87-9,76879,Triphenyltin hydroxide (Fentin hydroxide),"triphenyltin salt -> Triphenyltin hydroxide (reference congener), consistent with Tributyltin regulatory-representative precedent",high,
427510,"Cyproterone acetate;(1R,3aS,3bR,7aR,8aS,8bS,8cS,10aS)-1-Acetyl-5-chloro-8b,10a-dimethyl-7-oxo-1,2,3,3a,3b,7,7a,8,8a,8b,8c,9,10,10a-tetradecahydrocyclopenta[a]cyclopropa[g]phenanthren-1-yl acetate",427-51-0,427510,Cyproterone acetate,"direct - no simpler parent: registered pharmaceutical active ingredient (acetate ester is the standard clinical/registered form, distinct CAS from free Cyproterone)",high,
470906,"Chlorfenvinphos;2-Chloro-1-(2,4-dichlorophenyl)ethenyl diethyl phosphate",470-90-6,470906,Chlorfenvinphos,direct - no simpler parent: registered organophosphate insecticide active ingredient,high,Reused from Stage 2b pilot - same CAS appeared in both samples.
477736,"Basic Red 2;3,7-Diamino-2,8-dimethyl-5-phenylphenazin-5-ium chloride",477-73-6,477736,Basic Red 2,"direct - no simpler parent: phenazinium chloride dye, cation is a permanently charged chromophore",high,
495487,"Diphenyldiazene, 1-Oxide",495-48-7,495487,Azoxybenzene (diphenyldiazene 1-oxide),direct - no simpler parent: N-oxide is integral to this distinct azo compound,high,
497198,Sodium carbonate;Disodium carbonate,497-19-8,497198,Sodium carbonate,"direct - no simpler parent: common alkalinity salt, not a metal-toxicity-driven entry",high,
506683,Cyanogen bromide;Carbononitridic bromide,506-68-3,506683,Cyanogen bromide,"direct - no simpler parent: covalent pseudohalogen reagent, distinct from simple ionic cyanide salts",medium,"Could alternatively be argued to resolve toward ""Cyanide"" given hydrolysis releases CN-, but BrCN is a distinct covalent reactive chemical with its own toxicology/CAS, unlike the ionic NaCN/KCN precedent in the lookup. Flag for reviewer."
506774,Cyanogen chloride;Carbononitridic chloride,506-77-4,506774,Cyanogen chloride,"direct - no simpler parent: covalent pseudohalogen reagent, distinct from simple ionic cyanide salts",medium,Same nuance as Cyanogen bromide above.
506967,Acetyl bromide;Acetyl bromide,506-96-7,506967,Acetyl bromide,"direct - no simpler parent: acid bromide, distinct reactive chemical",high,
510156,Chlorobenzilate;Ethyl bis(4-chlorophenyl)(hydroxy)acetate,510-15-6,510156,Chlorobenzilate,direct - no simpler parent: registered acaricide active ingredient (itself the ethyl ester),high,
512561,Trimethyl phosphate;Trimethyl phosphate,512-56-1,512561,Trimethyl phosphate,"direct - no simpler parent: phosphate ester, distinct industrial chemical",high,
512823,Tetrakis(hydroxymethyl)phosphonium hydroxide,512-82-3,512823,Tetrakis(hydroxymethyl)phosphonium hydroxide,"direct - no simpler parent: quaternary phosphonium salt, cation is the active moiety (industrial biocide), analogous to quaternary ammonium convention",high,
533233,"2,4-D-ethyl ester;Ethyl (2,4-dichlorophenoxy)acetate",94-75-7,94757,"2,4-D","ethyl ester -> 2,4-D acid parent",high,
540885,tert-Butyl acetate;tert-Butyl acetate,540-88-5,540885,tert-Butyl acetate,direct - no simpler parent: simple ester,high,
541093,Uranyl acetate;Bis(acetato-kappaO)[bis(oxido)]uranium,7440-61-1,7440611,Uranium,uranyl salt -> U element (metals/metalloids generally resolve to parent element per speciation_convention.md),high,
541220,"N1,N1,N1,N10,N10,N10-Hexamethyl-1,10-decanediaminium bromide (1:2)",541-22-0,541220,Decamethonium bromide,"direct - no simpler parent: bis-quaternary ammonium salt, cation permanently charged",high,
542596,"1,2-Ethanediol, 1-acetate;2-Hydroxyethyl acetate",542-59-6,542596,2-Hydroxyethyl acetate (ethylene glycol monoacetate),direct - no simpler parent: simple ester,high,
542836,Cadmium-cyanide-,7440-43-9,7440439,Cadmium,Cd salt -> Cd element,high,
543806,Barium acetate,7440-39-3,7440393,Barium,"Ba salt -> Ba element (Barium is a regulated trace metal in water quality guidelines, distinct from major-ion alkaline earths)",medium,"Unlike Ca/Mg (treated as common major ions, kept direct in this batch), Barium has ANZG/ecotox guideline relevance as an individual metal, so collapsed to element per the general metals convention. Flag for reviewer if project intends Barium to stay direct like Ca/Mg."
544401,Dibutyl sulfide;1-(Butylsulfanyl)butane,544-40-1,544401,Dibutyl sulfide,direct - no simpler parent: simple organosulfide,high,
544923,Copper cyanide (Cu(CN)),7440-50-8,7440508,Copper,Cu salt -> Cu element,high,
545551,"Tri(aziridin-1-yl)phosphine oxide;1,1',1''-Phosphoryltris(aziridine)",545-55-1,545551,Tri(aziridin-1-yl)phosphine oxide,"direct - no simpler parent: distinct phosphine oxide compound, registered chemosterilant",high,
548629,"Gentian Violet;4-{Bis[4-(dimethylamino)phenyl]methylidene}-N,N-dimethylcyclohexa-2,5-dien-1-iminium chloride",548-62-9,548629,Gentian Violet (Crystal violet),"direct - no simpler parent: iminium chloride dye, cation is a permanently charged chromophore",high,
549188,"Amitriptyline hydrochloride;3-(10,11-Dihydro-5H-dibenzo[a,d][7]annulen-5-ylidene)-N,N-dimethylpropan-1-amine--hydrogen chloride (1/1)",50-48-6,50486,Amitriptyline,HCl salt of organic base -> free base,high,
554132,Lithium carbonate;Dilithium carbonate,554-13-2,554132,Lithium carbonate,"direct - no simpler parent: common alkaline-earth-group salt, not collapsed to element",medium,"Judgment call: Lithium is an emerging contaminant of growing ecotoxicological interest, so collapsing to elemental Lithium is plausible, but the lookup has no established Lithium parent precedent and carbonate of Na/K stays direct in this table, so kept direct for consistency. Flag for reviewer."
569642,"Malachite green;4-{[4-(Dimethylamino)phenyl](phenyl)methylidene}-N,N-dimethylcyclohexa-2,5-dien-1-iminium chloride",569-64-2,569642,Malachite green,"direct - no simpler parent: iminium chloride dye, cation is a permanently charged chromophore (consistent with Malachite green oxalate precedent already in lookup)",high,
581646,"Phenothiazin-5-ium, 3,7-diamino-, chloride (1:1);3,7-Diaminophenothiazin-5-ium chloride",581-64-6,581646,"Thionin (3,7-diaminophenothiazin-5-ium chloride)","direct - no simpler parent: phenothiazinium chloride dye, cation is a permanently charged chromophore",high,
584087,"Carbonic acid, dipotassium salt;Dipotassium carbonate",584-08-7,584087,Potassium carbonate,"direct - no simpler parent: common alkalinity salt, not a metal-toxicity-driven entry",high,
593566,O-Methylhydroxylamine hydrochloride;O-Methylhydroxylamine--hydrogen chloride (1/1),67-62-9,67629,O-Methylhydroxylamine (methoxyamine),HCl salt of organic base -> free base,high,
593817,"N,N-Dimethylmethanamine hydrochloride;N,N-Dimethylmethanamine--hydrogen chloride (1/1)",75-50-3,75503,Trimethylamine,HCl salt of organic base -> free base,high,
598027,Diethyl hydrogen phosphate;Diethyl hydrogen phosphate,598-02-7,598027,Diethyl hydrogen phosphate,"direct - no simpler parent: phosphate diester, distinct industrial chemical",high,
606553,1-Ethyl-2-methylquinolinium iodide (1:1),606-55-3,606553,1-Ethyl-2-methylquinolinium iodide,"direct - no simpler parent: quaternary heteroaromatic (quinolinium) salt, cation permanently charged",high,
611198,2-Chlorobenzyl chloride;1-Chloro-2-(chloromethyl)benzene,611-19-8,611198,2-Chlorobenzyl chloride,direct - no simpler parent: simple organohalide,high,
622457,Cyclohexyl acetate;Cyclohexyl acetate,622-45-7,622457,Cyclohexyl acetate,direct - no simpler parent: simple ester,high,
627634,Fumaryl chloride;(2E)-But-2-enedioyl dichloride,627-63-4,627634,Fumaryl chloride,"direct - no simpler parent: acid dichloride, distinct reactive chemical",high,
628637,Pentyl acetate;Pentyl acetate,628-63-7,628637,Pentyl acetate,direct - no simpler parent: simple ester,high,
632995,"C.I. Basic Violet 14;4-[(4-Aminophenyl)(4-iminocyclohexa-2,5-dien-1-ylidene)methyl]-2-methylaniline--hydrogen chloride (1/1)",632-99-5,632995,C.I. Basic Violet 14 (Pararosaniline hydrochloride),"direct - no simpler parent: triarylmethane dye salt, itself the registered/reference colored form",medium,"Named with an explicit ""--hydrogen chloride (1/1)"" adduct notation (unlike the other dye salts in this batch, which are named directly as ""...ium chloride""), which could instead indicate the convention wants this resolved to a neutral free-base/leuco form (e.g. Pararosaniline base, CAS 467-62-9). Kept direct since the cationic chloride salt is the standard marketed dye form, but flagging the naming-pattern inconsistency for reviewer."
639587,Triphenyltin chloride;Chloro(triphenyl)stannane,76-87-9,76879,Triphenyltin hydroxide (Fentin hydroxide),"triphenyltin salt -> Triphenyltin hydroxide (reference congener), consistent with Tributyltin regulatory-representative precedent",high,
678411,"3,3,4,4,5,5,6,6,7,7,8,8,9,9,10,10,10-Heptadecafluoro-1-decanol, 1,1'-(Hydrogen phosphate)",678-41-1,678411,Bis(heptadecafluorodecyl) hydrogen phosphate,"direct - no simpler parent: fluorotelomer phosphate diester (PFAS), distinct registered chemical, not collapsed to phosphoric acid",high,
683103,"1-Dodecanaminium, N-(carboxymethyl)-N,N-dimethyl-, inner salt;[Dodecyl(dimethyl)azaniumyl]acetate",683-10-3,683103,Lauryl betaine ([dodecyl(dimethyl)azaniumyl]acetate),"direct - no simpler parent: zwitterionic (betaine) surfactant - an inner salt, not a salt of a simpler isolable parent",high,
712481,Diphenylarsinous chloride,712-48-1,712481,Diphenylarsinous chloride,direct - no simpler parent: organoarsenic compound (consistent with Cacodylic acid sodium salt precedent - covalently-substituted organoarsenicals are not collapsed to elemental Arsenic; the speciation convention targets simple inorganic oxyanions only),high,
762754,tert-Butyl formate,762-75-4,762754,tert-Butyl formate,direct - no simpler parent: simple ester,high,
773648,"2,4,6-Trimethylbenzenesulfonyl chloride",773-64-8,773648,"2,4,6-Trimethylbenzenesulfonyl chloride",direct - no simpler parent: sulfonyl chloride,high,
791286,Triphenylphosphine oxide;Oxo(triphenyl)-lambda~5~-phosphane,791-28-6,791286,Triphenylphosphine oxide,"direct - no simpler parent: phosphine oxide, distinct compound class from phosphate esters",high,
804637,"Quinine sulfate (2:1);Sulfuric acid--(8alpha,9R)-6'-methoxycinchonan-9-ol (1/2)",13-09-5,13095,Quinine,sulfate salt of organic base -> free base (alkaloid),high,
813785,Dimethyl phosphate;Dimethyl hydrogen phosphate,813-78-5,813785,Dimethyl hydrogen phosphate,"direct - no simpler parent: phosphate diester, distinct industrial chemical",high,
823041,Phenylmercuric iodide,7439-97-6,7439976,Mercury,"organomercury halide -> Mercury (consistent with established ""Phenylmercuric chloride -> Mercury"" precedent in lookup, same naming pattern with a different halide)",medium,"Organomercury toxicity differs substantially from inorganic/elemental Hg; flagged for reviewer, but followed existing table precedent for this exact naming pattern."
825445,"Benzo(b)thiophene 1,1-dioxide;1H-1-Benzothiophene-1,1-dione",825-44-5,825445,"Benzo(b)thiophene 1,1-dioxide","direct - no simpler parent: sulfone (S,S-dioxide), distinct compound - not a metal oxide salt",high,
826391,"N,2,3,3-Tetramethylbicyclo[2.2.1]heptan-2-amine--hydrogen chloride",60-40-2,60402,Mecamylamine,HCl salt of organic base -> free base (registered pharmaceutical),high,
828002,"Dimethoxane;2,6-Dimethyl-1,3-dioxan-4-yl acetate",828-00-2,828002,Dimethoxane,direct - no simpler parent: registered fungicide/preservative active ingredient (itself the acetate ester),high,
859187,"Lincomycin hydrochloride;Methyl 6,8-dideoxy-6-{[(4R)-1-methyl-4-propyl-L-prolyl]amino}-1-thio-D-erythro-alpha-D-galacto-octopyranoside--hydrogen chloride (1/1)",154-21-2,154212,Lincomycin,HCl salt of organic base -> free base (antibiotic),high,
868188,Sodium tartrate,868-18-8,868188,Sodium tartrate,direct - no simpler parent: common organic-acid sodium salt,high,
900958,Triphenyltin acetate;(Acetyloxy)(triphenyl)stannane,76-87-9,76879,Triphenyltin hydroxide (Fentin hydroxide),"triphenyltin salt -> Triphenyltin hydroxide (reference congener), consistent with Tributyltin regulatory-representative precedent",high,
950356,Methylparaoxon;Dimethyl 4-nitrophenyl phosphate,950-35-6,950356,Methylparaoxon,direct - no simpler parent: organophosphate compound (oxon metabolite of methyl parathion),high,
961115,"Tetrachlorovinphos;2-Chloro-1-(2,4,5-trichlorophenyl)ethenyl dimethyl phosphate",961-11-5,961115,Tetrachlorovinphos,direct - no simpler parent: registered organophosphate insecticide active ingredient,high,
962583,Diazoxon;Diethyl 6-methyl-2-(propan-2-yl)pyrimidin-4-yl phosphate,962-58-3,962583,Diazoxon,direct - no simpler parent: organophosphate compound (oxon metabolite of diazinon),high,
964523,4-[2-(Dimethylamino)ethoxy]-2-methyl-5-(1-methylethyl)phenol 1-acetate hydrochloride (1:1),NA,NA,Possibly Moxisylyte (Thymoxamine) free base - tentative structural ID,UNCERTAIN - needs human review,low,"Structure (thymol-type phenol, acetate ester on the phenol OH, dimethylaminoethoxy ether, HCl salt) resembles the moxisylyte/thymoxamine pharmacophore, but I could not confidently verify an exact CAS for the free-base/des-HCl form from memory. If the HCl-salt-of-organic-base rule applies, the parent would be the neutral acetate-ester compound (analogous to Cyproterone acetate, the ester itself is the active form) rather than further hydrolysis to the free phenol. Recommend a PubChem/ChemIDplus lookup of CAS 964-52-3 to confirm identity before accepting."
971744,"2-Amino-1,5-dihydro-1-methyl-4H-Imidazol-4-one compd. with 3-(2-aminoethyl)-1H-indol-5-ol sulfate (1:1:1)",NA,NA,NA,"MIXTURE OR PSEUDO-CAS - cannot resolve: ""compd. with"" notation joining two chemically distinct named components (an aminoimidazolone and a serotonin-sulfate moiety) with stoichiometry (1:1:1)",high,
973217,"Dinobuton;2-(Butan-2-yl)-4,6-dinitrophenyl propan-2-yl carbonate",973-21-7,973217,Dinobuton,direct - no simpler parent: registered dinitrophenol-class acaricide active ingredient (itself the carbonate ester),high,
999815,"Chlormequat chloride;2-Chloro-N,N,N-trimethylethan-1-aminium chloride",999-81-5,999815,Chlormequat chloride,"direct - no simpler parent: quaternary ammonium salt, registered plant growth regulator (itself the standard registered salt form)",high,
1013236,"Dibenzothiopene 5-oxide;5H-5lambda~4~-Dibenzo[b,d]thiophen-5-one",1013-23-6,1013236,Dibenzothiophene 5-oxide,"direct - no simpler parent: sulfoxide, distinct compound - not a metal oxide salt",high,
1016053,"Dibenzothiophene 5,5-dioxide;5H-5lambda~6~-Dibenzo[b,d]thiophene-5,5-dione",1016-05-3,1016053,"Dibenzothiophene 5,5-dioxide","direct - no simpler parent: sulfone, distinct compound - not a metal oxide salt",high,
1031078,"Endosulfan sulfate;6,7,8,9,10,10-Hexachloro-1,5,5a,6,9,9a-hexahydro-3H-6,9-methano-3lambda~6~-2,4,3lambda~6~-benzodioxathiepine-3,3-dione",1031-07-8,1031078,Endosulfan sulfate,"direct - no simpler parent: distinct registered oxidative environmental metabolite of endosulfan, tracked as its own analyte (not an ionic sulfate salt)",high,
1066451,Trimethyltin chloride;Chloro(trimethyl)stannane,1066-45-1,1066451,Trimethyltin chloride,"direct - no simpler parent: organotin compound, no established simpler reference congener in this lookup (cf. Dibutyltin/Stannane-type entries treated as direct)",medium,
1067294,Bis(tripropyltin) oxide;Hexapropyldistannoxane,1067-29-4,1067294,Bis(tripropyltin) oxide,"direct - no simpler parent: organotin compound (oxide-bridged dimer), no established simpler reference congener",medium,
1119944,"N,N,N-Trimethyldodecan-1-aminium bromide",1119-94-4,1119944,Dodecyltrimethylammonium bromide,direct - no simpler parent: quaternary ammonium salt,high,
1119977,"Tetradonium bromide;N,N,N-Trimethyltetradecan-1-aminium bromide",1119-97-7,1119977,Tetradonium bromide,direct - no simpler parent: quaternary ammonium salt,high,
1120010,Sodium hexyldecyl sulfate;Sodium hexadecyl sulfate,1120-01-0,1120010,Sodium hexadecyl sulfate,direct - no simpler parent: alkyl sulfate ester surfactant,high,
1120021,"N,N,N-Trimethyl-1-octadecanaminium bromide (1:1)",1120-02-1,1120021,"N,N,N-Trimethyl-1-octadecanaminium bromide",direct - no simpler parent: quaternary ammonium salt,high,
1121762,4-Chloropyridine 1-oxide,1121-76-2,1121762,4-Chloropyridine 1-oxide,direct - no simpler parent: N-oxide integral to this distinct compound (cf. 4-Nitroquinoline 1-oxide precedent),high,
1191500,Sodium myristyl sulfate;Sodium tetradecyl sulfate,1191-50-0,1191500,Sodium tetradecyl sulfate,direct - no simpler parent: alkyl sulfate ester surfactant,high,
1239458,"3,8-Diamino-5-ethyl-6-phenylphenanthridinium, Bromide",1239-45-8,1239458,Ethidium bromide,"direct - no simpler parent: phenanthridinium bromide dye/intercalator, cation permanently charged",high,
1241947,2-Ethylhexyl diphenyl phosphate;2-Ethylhexyl diphenyl phosphate,1241-94-7,1241947,2-Ethylhexyl diphenyl phosphate,"direct - no simpler parent: phosphate ester, flame retardant/plasticizer",high,
1263894,"Paromomycin sulfate;Sulfuric acid--(1R,2R,3S,4R,6S)-4,6-diamino-2-{[3-O-(2,6-diamino-2,6-dideoxy-beta-L-idopyranosyl)-beta-D-ribofuranosyl]oxy}-3-hydroxycyclohexyl 2-amino-2-deoxy-alpha-D-glucopyranoside (1/1)",7542-37-2,7542372,Paromomycin,sulfate salt of organic base -> free base (aminoglycoside antibiotic),high,
1264728,"Colistin, Sulfate (salt)",106-61-7,106617,Colistin,sulfate salt of organic base -> free base (polypeptide antibiotic),high,
1305620,Calcium hydroxide (Ca(OH)2),7440-70-2,7440702,Calcium,"Ca hydroxide -> Ca element (consistent with Stage 2b pilot precedent: Calcium oxide -> Calcium, high confidence)",high,"Calcium is an essential major ion typically assessed via hardness in water-quality work, but the pilot already established Calcium oxide -> Calcium for this lookup, so the analogous hydroxide is resolved the same way for consistency."
1305788,Calcium oxide;(Oxido)calcium,7440-70-2,7440702,Calcium,Ca oxide -> Ca element,high,Reused from Stage 2b pilot - same CAS appeared in both samples.
1306383,Ceric oxide;Bis(oxido)cerium,7440-45-1,7440451,Cerium,Ce oxide -> Ce element,high,Reused from Stage 2b pilot - same CAS appeared in both samples.
1308878,Dysprosium oxide (Dy2O3),7429-91-6,7429916,Dysprosium,Dy oxide -> Dy element,high,
1309371,Iron oxide (Fe2O3),7439-89-6,7439896,Iron,Fe oxide -> Fe element,high,
1309428,Magnesium hydroxide (Mg(OH)2),7439-95-4,7439954,Magnesium,Mg hydroxide -> Mg element (consistent with Stage 2b pilot precedent: Calcium oxide -> Calcium),high,
1309644,"Antimony trioxide;Distiboxane-1,3-dione",7440-36-0,7440360,Antimony,Sb oxide -> Sb element,high,
1310538,Germanium dioxide;Germanedione,7440-56-4,7440564,Germanium,Ge oxide -> Ge element,high,
1310583,Potassium hydroxide (K(OH)),7440-09-7,7440097,Potassium,K hydroxide -> K element (consistent with Calcium hydroxide/oxide precedent),medium,"KOH's main ecological driver is causticity/pH rather than potassium-specific toxicity, but kept consistent with the oxide/hydroxide-collapses-to-element pattern established by the pilot (Calcium oxide -> Calcium). Flag for reviewer if alkali-metal hydroxides should be treated as a ""direct"" exception instead."
1310732,Sodium hydroxide,7440-23-5,7440235,Sodium,Na hydroxide -> Na element (consistent with Calcium hydroxide/oxide precedent),medium,Same causticity-vs-metal-toxicity nuance as Potassium hydroxide above. Flag for reviewer.
1313275,Molybdenum trioxide (MoO3),7439-98-7,7439987,Molybdenum,Mo oxide -> Mo element,high,
1313822,Sodium sulfide (Na2S),7783-06-4,7783064,Hydrogen sulfide,"Na2S -> sulfide ion equivalent (Hydrogen sulfide is the established reference analyte for sulfide/hydrosulfide speciation in this lookup, consistent with how Sodium nitrate/vanadate/arsenite resolve to the toxicologically relevant anion/element rather than to Sodium)",medium,
1313844,"Sodium sulfide, Nonahydrate",7783-06-4,7783064,Hydrogen sulfide,Na2S hydrate -> sulfide ion equivalent (same reasoning as Sodium sulfide),medium,
1314369,Yttrium oxide (Y2O3)  ,7440-65-5,7440655,Yttrium,Y oxide -> Y element,high,
1314563,Phosphorus oxide (P2O5),14265-44-2,14265442,Phosphate,"P2O5 hydrolyzes to phosphate in water; resolved to Phosphate consistent with the nutrient-ion convention (kept as the ion, not reduced further to elemental phosphorus)",medium,
1314643,Uranyl sulfate,7440-61-1,7440611,Uranium,uranyl salt -> U element,high,
1317335,Molybdenum sulfide (MoS2),7439-98-7,7439987,Molybdenum,Mo sulfide -> Mo element,high,
1317379,Ferrous sulfide,7439-89-6,7439896,Iron,Fe sulfide -> Fe element,high,
1317619,Iron oxide (Fe3O4),7439-89-6,7439896,Iron,Fe oxide -> Fe element,high,
1327419,"Aluminum chloride, basic",7429-90-5,7429905,Aluminium,basic Al chloride salt -> Al element (consistent with established Aluminium chloride -> Aluminium precedent),high,
1330785,Tricresyl phosphate,1330-78-5,1330785,Tricresyl phosphate,"direct - no simpler parent: phosphate ester, distinct industrial chemical",high,
1333739,Sodium borate;Trisodium borate,7440-42-8,7440428,Boron,Na borate -> B element (consistent with established Boric acid -> Boron precedent),high,
1334776,Pyridylmercuric acetate,7439-97-6,7439976,Mercury,"organomercury acetate -> Mercury (consistent with established ""Xmercuric + anion"" -> Mercury precedent in lookup)",medium,Organomercury toxicity differs substantially from inorganic/elemental Hg; flagged for reviewer.
1336216,Ammonium hydroxide ((NH4)(OH)),1336-21-6,1336216,Ammonium hydroxide,"direct - no simpler parent: aqueous ammonia, common reagent (ammonium is not a metal; consistent with established ammonium-salts-stay-direct precedent)",high,
1344281,Aluminum oxide (Al2O3),7429-90-5,7429905,Aluminium,Al oxide -> Al element,high,
1344576,Uranium oxide (UO2);Bis(oxido)uranium,7440-61-1,7440611,Uranium,U oxide -> U element,high,
1344816,Calcium sulfide (Ca(Sx)),7783-06-4,7783064,Hydrogen sulfide,Ca polysulfide -> sulfide ion equivalent (same reasoning as Sodium sulfide),medium,"Polysulfide (Sx) speciation is more complex than simple S2-, so this is a coarser approximation than the simple sulfide cases; flag for reviewer."
1345251,Iron oxide (FeO),7439-89-6,7439896,Iron,Fe oxide -> Fe element,high,
1405410,Gentamicin sulfate,1403-66-3,1403663,Gentamicin,sulfate salt of organic base -> free base (aminoglycoside antibiotic),high,
1421143,Propanidid;Propyl {4-[2-(diethylamino)-2-oxoethoxy]-3-methoxyphenyl}acetate,1421-14-3,1421143,Propanidid,direct - no simpler parent: registered anesthetic active ingredient (itself the propyl ester),high,
1441027,Pentachlorophenol acetate,87-86-5,87865,Pentachlorophenol,"acetate ester -> pentachlorophenol parent (analogous to phenoxy-herbicide ester convention; PCP is the well-established, separately tracked parent toxicant, and the acetate ester hydrolyzes to release it)",medium,
1639607,"(2S,3R)-(+)-4-(Dimethylamino)-3-methyl-1,2-diphenyl-2-butanol propionate hydrochloride;(2S,3R)-4-(Dimethylamino)-3-methyl-1,2-diphenylbutan-2-yl propanoate--hydrogen chloride (1/1)",46-96-2,46962,Dextropropoxyphene,HCl salt of organic base -> free base (opioid analgesic; the propionate ester is the registered active pharmaceutical form and is not hydrolyzed further),high,
1643192,"Tetrabutylammonium bromide;N,N,N-Tributylbutan-1-aminium bromide",1643-19-2,1643192,Tetrabutylammonium bromide,direct - no simpler parent: quaternary ammonium salt,high,
1643205,"N,N-Dimethyldodecylamine-N-oxide;N,N-Dimethyldodecan-1-amine N-oxide",1643-20-5,1643205,"N,N-Dimethyldodecylamine N-oxide (lauramine oxide)","direct - no simpler parent: amine-oxide surfactant - a neutral zwitterion-like functional group, not a simple salt of a free amine",high,
1928434,"2,4-D 2-EHE;2-Ethylhexyl (2,4-dichlorophenoxy)acetate",94-75-7,94757,"2,4-D","2-ethylhexyl ester -> 2,4-D acid parent",high,Reused from Stage 2b pilot - same CAS appeared in both samples.
1928456,"2,4-D 3-butoxypropyl ester;3-Butoxypropyl (2,4-dichlorophenoxy)acetate",94-75-7,94757,"2,4-D","3-butoxypropyl ester -> 2,4-D acid parent",high,
1928581,"2,4,5-T 3-(2-butoxyethoxy)propyl ester;3-(2-Butoxyethoxy)propyl (2,4,5-trichlorophenoxy)acetate",93-76-5,93765,"2,4,5-T","3-(2-butoxyethoxy)propyl ester -> 2,4,5-T acid parent",high,
1929733,"2,4-D-Butotyl;2-Butoxyethyl (2,4-dichlorophenoxy)acetate",94-75-7,94757,"2,4-D","2-butoxyethyl ester -> 2,4-D acid parent",high,
1943119,Nonyltrimethylammonium bromide,1943-11-9,1943119,Nonyltrimethylammonium bromide,direct - no simpler parent: quaternary ammonium salt,high,
2026246,"[1R-(1-alpha,4a-beta,10a-alpha]-1,2,3,4,4a,9,10,10a-Octahydro-1,4a-dimethyl-7-(1-methylethyl)-1-phenanthrenemethanamine, Acetate",NA,NA,Dehydroabietylamine (free base),acetate salt of organic base -> free base,medium,"Structural identification (octahydrophenanthrenemethanamine with dimethyl/isopropyl substitution) is consistent with dehydroabietylamine, a rosin-derived amine; exact free-base CAS not confidently verified from memory - recommend confirming before use."
2051798,"N4,N4-Diethyl-2-methylbenzene-1,4-diamine hydrochloride;N~4~,N~4~-Diethyl-2-methylbenzene-1,4-diamine--hydrogen chloride (1/1)",NA,NA,"N4,N4-Diethyl-2-methylbenzene-1,4-diamine (free base; photographic colour-developer intermediate)",HCl salt of organic base -> free base,medium,"Free-base CAS not confidently verified from memory; rule application (strip HCl adduct) is high-confidence, but the exact registry number should be confirmed before use."
2058460,"Oxytetracycline hydrochloride;(4S,4aR,5S,5aR,6S,12aS)-4-(Dimethylamino)-3,5,6,10,12,12a-hexahydroxy-6-methyl-1,11-dioxo-1,4,4a,5,5a,6,11,12a-octahydrotetracene-2-carboxamide--hydrogen chloride (1/1)",79-57-2,79572,Oxytetracycline,HCl salt of organic base -> free base (tetracycline antibiotic),high,
2074502,"1,1'-Dimethyl-4,4'-bipyridinium bis(methyl sulfate);1,1'-Dimethyl-4,4'-bipyridin-1-ium bis(methyl sulfate)",4685-14-7,4685147,Paraquat dichloride,"different paraquat salt form (bis-methylsulfate) -> Paraquat dichloride, the registered reference form per existing lookup precedent (""Paraquat - salt IS the registered form"")",high,
2082840,Decyltrimethylammonium bromide,2082-84-0,2082840,Decyltrimethylammonium bromide,direct - no simpler parent: quaternary ammonium salt,high,
2122705,Ethyl 1-naphthaleneacetate;Ethyl (naphthalen-1-yl)acetate,86-87-3,86873,1-Naphthaleneacetic acid (NAA),"ethyl ester -> NAA acid parent (plant growth regulator ester convention, analogous to phenoxy-herbicide ester treatment)",medium,
2235258,Ethylmercuric phosphate;Dihydrogen ethyl[phosphato(3-)-kappaO]mercurate(2-),7439-97-6,7439976,Mercury,"organomercury phosphate -> Mercury (consistent with established ""Xmercuric/mercury + anion"" -> Mercury precedent in lookup)",medium,Organomercury toxicity differs substantially from inorganic/elemental Hg; flagged for reviewer.
2235543,Ammonium dodecyl sulfate,2235-54-3,2235543,Ammonium dodecyl sulfate,"direct - no simpler parent: alkyl sulfate ester surfactant, ammonium is just the counterion",high,
2255176,Fenitrooxone;Dimethyl 3-methyl-4-nitrophenyl phosphate,2255-17-6,2255176,Fenitrooxone,direct - no simpler parent: organophosphate compound (oxon metabolite of fenitrothion),high,
2279767,Tripropyltin chloride;Chloro(tripropyl)stannane,2279-76-7,2279767,Tripropyltin chloride,"direct - no simpler parent: organotin compound, no established simpler reference congener",medium,
2439001,"2,3,6-Trichlorophenylacetic acid sodium salt;Sodium (2,3,6-trichlorophenyl)acetate",85-34-7,85347,"Fenac (2,3,6-trichlorophenylacetic acid)","sodium salt -> Fenac acid parent (registered phenylacetic-acid herbicide, analogous to phenoxy-acid sodium-salt convention)",medium,
2465272,"Auramine hydrochloride;4,4'-Carbonimidoylbis(N,N-dimethylaniline)--hydrogen chloride (1/1)",492-80-8,492808,Auramine,"HCl salt of organic base -> free base (the imine nitrogen is neutral/basic here, unlike the permanently-charged iminium dye salts elsewhere in this batch that are named directly as ""...ium chloride"")",high,
2508863,"4-Quinolinamine, 1-Oxide",2508-86-3,2508863,"4-Quinolinamine, 1-Oxide",direct - no simpler parent: N-oxide is integral to this distinct compound,high,
2528361,Dibutyl phenyl phosphate;Dibutyl phenyl phosphate,2528-36-1,2528361,Dibutyl phenyl phosphate,"direct - no simpler parent: phosphate ester, distinct industrial chemical",high,
2528383,Tripentyl phosphate;Tripentyl phosphate,2528-38-3,2528383,Tripentyl phosphate,"direct - no simpler parent: phosphate ester, distinct industrial chemical",high,
2545597,"2,4,5-T-butotyl;2-Butoxyethyl (2,4,5-trichlorophenoxy)acetate",93-76-5,93765,"2,4,5-T","2-butoxyethyl ester -> 2,4,5-T acid parent",high,
2595519,"Phosphoric acid, (1-(benzylthio)vinyl) diethyl ester;1-(Benzylsulfanyl)ethenyl diethyl phosphate",2595-51-9,2595519,"Phosphoric acid, (1-(benzylthio)vinyl) diethyl ester","direct - no simpler parent: organophosphate ester compound, distinct registered entity",high,
2595531,"Phosphoric acid, 1-((p-chlorophenyl)thio)vinyl dimethyl ester;1-[(4-Chlorophenyl)sulfanyl]ethenyl dimethyl phosphate",2595-53-1,2595531,"Phosphoric acid, 1-((p-chlorophenyl)thio)vinyl dimethyl ester","direct - no simpler parent: organophosphate ester compound, distinct registered entity",high,
2597037,Phenthoate;Ethyl [(dimethoxyphosphorothioyl)sulfanyl](phenyl)acetate,2597-03-7,2597037,Phenthoate,direct - no simpler parent: registered organophosphate insecticide active ingredient,high,
2702729,"2,4-D sodium salt;Sodium (2,4-dichlorophenoxy)acetate",94-75-7,94757,"2,4-D","sodium salt -> 2,4-D acid parent",high,
2767546,Triethyltin bromide;Bromo(triethyl)stannane,2767-54-6,2767546,Triethyltin bromide,"direct - no simpler parent: organotin compound, no established simpler reference congener",medium,
2921315,"2-Chlorohexahydro-4-methyl-4H-1,3,2-benzodioxaphosphorin 2-sulfide",2921-31-5,2921315,Salithion,direct - no simpler parent: registered cyclic organophosphate insecticide active ingredient,medium,
3012655,Ammonium citrate (2:1);Bisammonium 2-(carboxymethyl)-2-hydroxybutanedioate,3012-65-5,3012655,Ammonium citrate,direct - no simpler parent: ammonium salt of citric acid (consistent with established ammonium-salt precedent),high,
3033770,"N,N,N-Trimethyl(oxiran-2-yl)methanaminium chloride;N,N,N-Trimethyl(oxiran-2-yl)methanaminium chloride",3033-77-0,3033770,Glycidyltrimethylammonium chloride,direct - no simpler parent: quaternary ammonium salt,high,
3204271,"Dinoterb acetate [ISO];2-tert-Butyl-4,6-dinitrophenyl acetate",3204-27-1,3204271,Dinoterb acetate,"direct - no simpler parent: registered herbicide active ingredient with its own ISO common name (the acetate ester is registered in its own right, unlike the small set of phenoxy acids in this lookup with an established multi-ester-collapse convention)",medium,"Could alternatively be resolved to Dinoterb (the parent dinitrophenol, CAS 1420-07-1) if the project wants dinitrophenol esters treated like phenoxy-acid esters; kept direct for consistency with the Dinobuton precedent elsewhere in this batch (also its own ISO name, also kept direct). Flag for reviewer."
3240786,"1,1'-Dimethyl-4,4'-bipyridium bromide (1:2)",4685-14-7,4685147,Paraquat dichloride,"different paraquat salt form (dibromide) -> Paraquat dichloride, the registered reference form per existing lookup precedent",high,
3282733,"Didodecyldimethylammonium bromide;N-Dodecyl-N,N-dimethyldodecan-1-aminium bromide",3282-73-3,3282733,Didodecyldimethylammonium bromide,direct - no simpler parent: quaternary ammonium salt,high,
3401749,"N-Dodecyl-N,N-dimethyl-1-dodecanaminium chloride (1:1)",3401-74-9,3401749,Didodecyldimethylammonium chloride,direct - no simpler parent: quaternary ammonium salt,high,
3547339,2-Hydroxyethyl octyl sulfide;2-(Octylsulfanyl)ethan-1-ol,3547-33-9,3547339,2-Hydroxyethyl octyl sulfide,direct - no simpler parent: distinct organosulfide,high,
3572063,4-(4-(Acetyloxy)phenyl)-2-butanone;4-(3-Oxobutyl)phenyl acetate,3572-06-3,3572063,Raspberry ketone acetate,direct - no simpler parent: simple ester of a fragrance/flavour phenol,high,
3648360,"3H-Indolium, 2-[2-[4-[(2-chloroethyl)methylamino]phenyl]ethenyl]-1,3,3-trimethyl-, chloride (1:1);2-(2-{4-[(2-Chloroethyl)(methyl)amino]phenyl}vinyl)-1,3,3-trimethyl-3H-indolium chloride",3648-36-0,3648360,3H-Indolium dye salt (cyanine-type),"direct - no simpler parent: indolium chloride dye, cation is a permanently charged chromophore",high,
3653483,MCPA-sodium;Sodium (4-chloro-2-methylphenoxy)acetate,94-74-6,94746,MCPA,sodium salt -> MCPA acid parent (phenoxy herbicide convention),high,
3759920,"Furaltadone hydrochloride;5-[(Morpholin-4-yl)methyl]-3-{[(5-nitrofuran-2-yl)methylidene]amino}-1,3-oxazolidin-2-one--hydrogen chloride (1/1)",139-91-3,139913,Furaltadone,HCl salt of organic base -> free base (nitrofuran antibacterial),medium,
3766276,"2,4-D lithium salt;Lithium (2,4-dichlorophenoxy)acetate",94-75-7,94757,"2,4-D","lithium salt -> 2,4-D acid parent",high,
3810740,"Streptomycin sulfate (2:3);Sulfuric acid--N,N'-[(1R,2R,3S,4R,5R,6S)-4-({5-deoxy-2-O-[2-deoxy-2-(methylamino)-alpha-L-glucopyranosyl]-3-C-formyl-alpha-L-lyxofuranosyl}oxy)-2,5,6-trihydroxycyclohexane-1,3-diyl]diguanidine (3/2)",57-92-9,57929,Streptomycin,sulfate salt of organic base -> free base (aminoglycoside antibiotic),high,
3862122,"1,1',1''-Phosphate-2,4-dimethylphenol",3862-12-2,3862122,"Tris(2,4-dimethylphenyl) phosphate","direct - no simpler parent: phosphate ester, distinct industrial chemical",high,
3878453,Triphenylphosphine sulfide,3878-45-3,3878453,Triphenylphosphine sulfide,"direct - no simpler parent: phosphine sulfide, distinct compound class",high,
4080313,"N-(3-Chloroallyl)hexaminium chloride;1-[(2E)-3-Chloroprop-2-en-1-yl]-1,3,5,7-tetraazatricyclo[3.3.1.1~3,7~]decan-1-ium chloride",4080-31-3,4080313,N-(3-Chloroallyl)hexaminium chloride (Quaternium-15),direct - no simpler parent: quaternary ammonium salt (registered preservative),high,
4081236,"2-Phenoxy-4H-1,3,2-benzobioxaphosphorin 2-oxide",4081-23-6,4081236,"2-Phenoxy-4H-1,3,2-benzodioxaphosphorin 2-oxide","direct - no simpler parent: cyclic phosphate ester, distinct industrial chemical",medium,Could not confidently pin a specific common/trade name for this exact cyclic phosphonate structure; treated as its own parent absent a simpler-parent candidate.
4189440,Thiourea dioxide,4189-44-0,4189440,Thiourea dioxide,"direct - no simpler parent: covalent S,S-dioxide oxidation product of thiourea, structurally and functionally distinct (industrial reducing agent), not a salt of thiourea",high,
4208804,"2-(2-((2,4-Dimethoxyphenyl)amino)ethenyl)-1,3,3-trimethyl-3H-indolium, Chloride",4208-80-4,4208804,Indolium dye salt (cyanine-type),"direct - no simpler parent: indolium chloride dye, cation is a permanently charged chromophore",high,
4264839,4-Nitrophenyl phosphate disodium salt;Disodium 4-nitrophenyl phosphate,4264-83-9,4264839,4-Nitrophenyl phosphate disodium salt,"direct - no simpler parent: disodium salt of an organic phosphate monoester (biochemical reagent), consistent with sodium organic-salt precedent",high,
4301502,"Fluenethyl;2-Fluoroethyl ([1,1'-biphenyl]-4-yl)acetate",4301-50-2,4301502,Fluenethyl,direct - no simpler parent: registered acaricide active ingredient with its own ISO common name (itself the fluoroethyl ester),high,
4368518,"N,N,N-Triheptyl-1-heptanaminium bromide (1:1)",4368-51-8,4368518,Tetraheptylammonium bromide,direct - no simpler parent: quaternary ammonium salt,high,
4392249,Cinnamyl bromide,4392-24-9,4392249,Cinnamyl bromide,direct - no simpler parent: simple organohalide,high,
4437858,"Butylene carbonate;4-Ethyl-1,3-dioxolan-2-one",4437-85-8,4437858,Butylene carbonate,"direct - no simpler parent: cyclic organic carbonate ester, distinct industrial solvent (not an inorganic metal carbonate salt)",high,
4501002,Erythromycin phosphate,114-07-8,114078,Erythromycin,phosphate salt of organic base -> free base (macrolide antibiotic),high,
4754443,Tetradecyl sulfate;Tetradecyl hydrogen sulfate,4754-44-3,4754443,Tetradecyl hydrogen sulfate,"direct - no simpler parent: alkyl sulfate ester (acid form), distinct registered substance",high,
4965177,"1-Pentanaminium, N,N,N-tripentyl-, chloride (1:1);N,N,N-Tripentylpentan-1-aminium chloride",4965-17-7,4965177,Tetrapentylammonium chloride,direct - no simpler parent: quaternary ammonium salt,high,
5080502,"(2R)-2-(Acetyloxy)-3-carboxy-N,N,N-trimethyl-1-propanaminium chloride (1:1)",5080-50-2,5080502,Acetylcarnitine chloride,direct - no simpler parent: quaternary ammonium salt (carnitine ester betaine with chloride counterion),high,
5137553,"Methyltrioctylammonium chloride;N-Methyl-N,N-dioctyloctan-1-aminium chloride",5137-55-3,5137553,Methyltrioctylammonium chloride,direct - no simpler parent: quaternary ammonium salt,high,
5407045,"Dimethylaminopropyl chloride hydrochloride;3-Chloro-N,N-dimethylpropan-1-amine--hydrogen chloride (1/1)",NA,NA,"3-Chloro-N,N-dimethylpropan-1-amine (free base)",HCl salt of organic base -> free base (the reactive chloroalkyl group is covalent and not removed; only the amine HCl is a separable salt),medium,"Free-base CAS not confidently verified from memory; rule application (strip the amine HCl) is high-confidence, but the exact registry number should be confirmed before use."
5470111,Hydroxylamine hydrochloride;Hydroxylamine--hydrogen chloride (1/1),7803-49-8,7803498,Hydroxylamine,HCl salt of organic/inorganic base -> free base,high,
5471089,"Benzeneethanamine, sulfate (2:1);Sulfuric acid--2-phenylethan-1-amine (1/2)",6-40-4,6404,Phenethylamine,sulfate salt of organic base -> free base,high,
5538943,"Dioctyldimethylammonium chloride;N,N-Dimethyl-N-octyloctan-1-aminium chloride",5538-94-3,5538943,Dioctyldimethylammonium chloride,direct - no simpler parent: quaternary ammonium salt,high,
5598152,"Chlorpyrifos oxon;Diethyl 3,5,6-trichloropyridin-2-yl phosphate",5598-15-2,5598152,Chlorpyrifos oxon,direct - no simpler parent: organophosphate compound (oxon metabolite of chlorpyrifos),high,
5598527,"Fospirate;Dimethyl 3,5,6-trichloropyridin-2-yl phosphate",5598-52-7,5598527,Fospirate,"direct - no simpler parent: organophosphate compound (oxon-type, dimethyl analogue related to chlorpyrifos-methyl)",medium,
5711193,Trimethyllead acetate;(Acetyloxy)(trimethyl)plumbane,7439-92-1,7439921,Lead,"organolead salt -> Pb element (general metals convention; unlike organotin, this lookup has no established ""regulatory representative"" organolead parent to default to instead)",low,"Organolead toxicity differs substantially from inorganic Pb; this is a genuine judgment call given the lack of an organolead-specific precedent (contrast with Triphenyltin/Tributyltin, which have their own established reference congeners in this lookup). Flag strongly for reviewer."
6055192,"N,N-Bis(2-chloroethyl)tetrahydro-2H-1,3,2-oxazaphosphorin-2-amine, 2-Oxide, Monohydrate",50-18-0,50180,Cyclophosphamide,"hydrate form -> anhydrous parent (water of crystallization is not a toxicologically distinct counterion; the 2-oxide is the intrinsic P=O of the oxazaphosphorine ring, not a separable salt)",high,
6145739,"2-Chloro-1-propanol, 1,1',1''-phosphate",6145-73-9,6145739,Tris(2-chloropropyl) phosphate,"direct - no simpler parent: phosphate ester flame retardant, distinct industrial chemical",high,
6266235,1-(Carboxymethyl)pyridinium chloride;1-(Carboxymethyl)pyridin-1-ium chloride,6266-23-5,6266235,1-(Carboxymethyl)pyridinium chloride,"direct - no simpler parent: quaternary pyridinium salt, cation permanently charged",high,
6369977,"2,4,5-T dimethylamine salt;N-Methylmethanaminium (2,4,5-trichlorophenoxy)acetate",93-76-5,93765,"2,4,5-T","dimethylamine salt -> 2,4,5-T acid parent (phenoxy herbicide convention)",high,
