scientificname,sources,n_rows,status,source_kingdom,source_phylum,resolved_kingdom,resolved_phylum,taxonomy_source
Lemna gibba,"anztox,wqbench",2356,exact_filtered,Plantae,Magnoliophyta,Plantae,Tracheophyta,wqbench
Lemna minor,"anztox,wqbench",2098,exact_filtered,Plantae,Magnoliophyta,Plantae,Tracheophyta,wqbench
Microcystis aeruginosa,"anztox,envirotox,wqbench",1879,exact_filtered,Monera,Cyanophycota,Bacteria,Cyanobacteria,wqbench
Skeletonema costatum,"anztox,envirotox,wqbench",1516,exact_filtered,Chromista,Bacillariophyta,Chromista,Heterokontophyta,wqbench
Tetrahymena pyriformis,"anztox,envirotox,wqbench",1191,exact_filtered,Animalia,Ciliophora,Chromista,Ciliophora,wqbench
Myriophyllum spicatum,"anztox,wqbench",1072,exact_filtered,Plantae,Magnoliophyta,Plantae,Tracheophyta,wqbench
Myriophyllum sibiricum,wqbench,1063,exact_filtered,Plantae,Magnoliophyta,Plantae,Tracheophyta,wqbench
Tetrahymena thermophila,"envirotox,wqbench",769,gbif_resolved,Animalia,Ciliophora,Chromista,Ciliophora,wqbench
Ceratophyllum demersum,"anztox,wqbench",697,exact_filtered,Plantae,Magnoliophyta,Plantae,Tracheophyta,wqbench
Anabaena flosaquae,"anztox,wqbench",607,fuzzy_filtered,Monera,Cyanophycota,Bacteria,Cyanobacteria,wqbench
Hydrilla verticillata,wqbench,591,exact_filtered,Plantae,Magnoliophyta,Plantae,Tracheophyta,wqbench
Fistulifera pelliculosa,wqbench,545,exact_unaccepted_filtered,Chromista,Bacillariophyta,Chromista,Heterokontophyta,wqbench
Phaeodactylum tricornutum,"anztox,envirotox,wqbench",523,exact_unaccepted_filtered,Chromista,Bacillariophyta,Chromista,Heterokontophyta,wqbench
Isochrysis galbana,"anztox,envirotox,wqbench",462,exact_filtered,Chromista,Haptophyta,Chromista,Haptophyta,wqbench
Thalassiosira pseudonana,"anztox,envirotox,wqbench",424,exact_unaccepted_filtered,Chromista,Bacillariophyta,Chromista,Heterokontophyta,wqbench
Anabaena flos-aquae,"anztox,envirotox",330,exact_unaccepted_filtered,Monera,Cyanophycota,Bacteria,Cyanobacteria,envirotox
Myriophyllum aquaticum,"anztox,wqbench",327,gbif_resolved,Plantae,Magnoliophyta,Plantae,Tracheophyta,wqbench
Vallisneria natans,wqbench,318,gbif_resolved,Plantae,Magnoliophyta,Plantae,Tracheophyta,wqbench
Macrocystis pyrifera,"anztox,envirotox,wqbench",315,exact_filtered,Chromista,Phaeophyta,Chromista,Ochrophyta,wqbench
Nostoc muscorum,"envirotox,wqbench",308,exact_unaccepted_filtered,Monera,Cyanophycota,Bacteria,Cyanobacteria,wqbench
Elodea canadensis,"anztox,wqbench",255,exact_filtered,Plantae,Magnoliophyta,Plantae,Tracheophyta,wqbench
Egeria densa,wqbench,249,gbif_resolved,Plantae,Magnoliophyta,Plantae,Tracheophyta,wqbench
Euglena gracilis,"envirotox,wqbench",235,exact_filtered,Plantae,Euglenophycota,Protozoa,Euglenozoa,wqbench
Eichhornia crassipes,wqbench,232,exact_filtered,Plantae,Magnoliophyta,Plantae,Tracheophyta,wqbench
Gymnodinium splendens,"anztox,wqbench",205,exact_unaccepted_filtered,Chromista,Pyrrophycophyta,Chromista,Myzozoa,wqbench
Gomphonema gracile,"anztox,wqbench",195,exact_unaccepted_filtered,Chromista,Bacillariophyta,Chromista,Heterokontophyta,wqbench
Spirostomum ambiguum,"envirotox,wqbench",193,exact_filtered,Animalia,Ciliophora,Chromista,Ciliophora,wqbench
Vallisneria americana,"anztox,wqbench",187,gbif_resolved,Plantae,Magnoliophyta,Plantae,Tracheophyta,wqbench
Lemna aequinoctialis,"anztox,wqbench",185,gbif_resolved,Plantae,Magnoliophyta,Plantae,Tracheophyta,wqbench
Anabaena variabilis,"anztox,envirotox,wqbench",182,exact_unaccepted_filtered,Monera,Cyanophycota,Bacteria,Cyanobacteria,wqbench
Chrysosporum ovalisporum,wqbench,176,exact_unaccepted_filtered,Monera,Cyanophycota,Bacteria,Cyanobacteria,wqbench
Potamogeton crispus,"anztox,wqbench",170,exact_filtered,Plantae,Magnoliophyta,Plantae,Tracheophyta,wqbench
Cyclotella meneghiniana,"anztox,envirotox,wqbench",160,exact_filtered,Chromista,Bacillariophyta,Chromista,Heterokontophyta,wqbench
Anabaena cylindrica,"envirotox,wqbench",155,exact_filtered,Monera,Cyanophycota,Bacteria,Cyanobacteria,wqbench
Stuckenia pectinata,wqbench,148,exact_filtered,Plantae,Magnoliophyta,Plantae,Tracheophyta,wqbench
Hydrocharis dubia,wqbench,141,gbif_resolved,Plantae,Magnoliophyta,Plantae,Tracheophyta,wqbench
Sargassum hornschuchii,wqbench,134,exact_filtered,Chromista,Phaeophyta,Chromista,Ochrophyta,wqbench
Anabaena sp.,wqbench,127,genus_resolved,Monera,Cyanophycota,Bacteria,Cyanobacteria,wqbench
Nostoc commune,"envirotox,wqbench",123,exact_filtered,Monera,Cyanophycota,Bacteria,Cyanobacteria,wqbench
Synechocystis sp.,wqbench,123,genus_resolved,Monera,Cyanophycota,Bacteria,Cyanobacteria,wqbench
Landoltia punctata,wqbench,121,gbif_resolved,Plantae,Magnoliophyta,Plantae,Tracheophyta,wqbench
Elodea nuttallii,wqbench,118,exact_filtered,Plantae,Magnoliophyta,Plantae,Tracheophyta,wqbench
Chaetoceros calcitrans,wqbench,116,exact_unaccepted_filtered,Chromista,Bacillariophyta,Chromista,Heterokontophyta,wqbench
Pterocladiella capillacea,wqbench,116,exact_filtered,Plantae,Rhodophycota,Plantae,Rhodophyta,wqbench
Anacystis aeruginosa,"anztox,envirotox,wqbench",109,exact_unaccepted_filtered,Monera,Cyanophycota,Bacteria,Cyanobacteria,wqbench
Colpidium campylum,"envirotox,wqbench",107,exact_filtered,Animalia,Ciliophora,Chromista,Ciliophora,wqbench
Navicula seminulum var. hustedtii,wqbench,103,exact_unaccepted_filtered,Chromista,Bacillariophyta,Chromista,Heterokontophyta,wqbench
Microcystis flosaquae,"envirotox,wqbench",101,fuzzy_filtered,Monera,Cyanophycota,Bacteria,Cyanobacteria,wqbench
Phormidium foveolarum,wqbench,99,exact_unaccepted_filtered,Monera,Cyanophycota,Bacteria,Cyanobacteria,wqbench
Synechococcus elongatus,"envirotox,wqbench",98,exact_filtered,Monera,Cyanophycota,Bacteria,Cyanobacteria,wqbench
Nitzschia palea,"anztox,envirotox,wqbench",97,exact_filtered,Chromista,Bacillariophyta,Chromista,Heterokontophyta,wqbench
Spartina alterniflora,"anztox,wqbench",94,exact_filtered,Plantae,Magnoliophyta,Plantae,Tracheophyta,wqbench
Chlorococcum sp.,"anztox,wqbench",91,genus_resolved,Plantae,Chlorophyta,Plantae,Chlorophyta,wqbench
Achnanthidium minutissimum,"anztox,wqbench",89,exact_unaccepted_filtered,Chromista,Bacillariophyta,Chromista,Heterokontophyta,wqbench
Azolla filiculoides,wqbench,87,gbif_resolved,Plantae,Polypodiophyta,Plantae,Tracheophyta,wqbench
Microcystis sp.,"anztox,wqbench",85,genus_resolved,Monera,Cyanophycota,Bacteria,Cyanobacteria,wqbench
Lemna sp.,wqbench,83,genus_resolved,Plantae,Magnoliophyta,Plantae,Tracheophyta,wqbench
Nitzschia sp.,wqbench,82,genus_resolved,Chromista,Bacillariophyta,Chromista,Heterokontophyta,wqbench
Anabaena inaequalis,"envirotox,wqbench",81,exact_filtered,Monera,Cyanophycota,Bacteria,Cyanobacteria,wqbench
Cylindrospermum sp.,wqbench,79,genus_resolved,Monera,Cyanophycota,Bacteria,Cyanobacteria,wqbench
Lemna trisulca,"anztox,wqbench",76,exact_filtered,Plantae,Magnoliophyta,Plantae,Tracheophyta,wqbench
Synechococcus leopoliensis,"envirotox,wqbench",75,exact_unaccepted_filtered,Monera,Cyanophycota,Bacteria,Cyanobacteria,wqbench
Skeletonema marinoi,"envirotox,wqbench",74,exact_unaccepted_filtered,Chromista,Bacillariophyta,Chromista,Heterokontophyta,wqbench
Fucus vesiculosus,"anztox,wqbench",73,exact_filtered,Chromista,Phaeophyta,Chromista,Ochrophyta,wqbench
Cryptomonas sp.,wqbench,72,genus_resolved,Plantae,Cryptophycophyta,Chromista,Cryptophyta,wqbench
Glyceria maxima,"anztox,wqbench",71,exact_filtered,Plantae,Magnoliophyta,Plantae,Tracheophyta,wqbench
Champia parvula,"anztox,envirotox,wqbench",69,exact_filtered,Plantae,Rhodophycota,Plantae,Rhodophyta,wqbench
Monhystera disjuncta,"anztox,envirotox,wqbench",68,exact_unaccepted_filtered,Animalia,Nematoda,Animalia,Nematoda,wqbench
Gracilaria tenuistipitata,"anztox,wqbench",67,exact_filtered,Plantae,Rhodophycota,Plantae,Rhodophyta,wqbench
Aspidisca cicada,"envirotox,wqbench",66,exact_filtered,Animalia,Ciliophora,Chromista,Ciliophora,wqbench
Synechococcus sp.,wqbench,66,genus_resolved,Monera,Cyanophycota,Bacteria,Cyanobacteria,wqbench
Hormosira banksii,"anztox,envirotox,wqbench",64,exact_filtered,Chromista,Phaeophyta,Chromista,Ochrophyta,wqbench
Spirodela polyrrhiza,wqbench,63,gbif_resolved,Plantae,Magnoliophyta,Plantae,Tracheophyta,wqbench
Ulnaria ulna,"anztox,wqbench",63,exact_unaccepted_filtered,Chromista,Bacillariophyta,Chromista,Heterokontophyta,wqbench
Spirulina platensis,"anztox,envirotox,wqbench",62,exact_unaccepted_filtered,Monera,Cyanophycota,Bacteria,Cyanobacteria,wqbench
Halodule uninervis,"anztox,wqbench",61,exact_filtered,Plantae,Magnoliophyta,Plantae,Tracheophyta,wqbench
Najas sp.,"anztox,wqbench",61,genus_resolved,Plantae,Magnoliophyta,Plantae,Tracheophyta,wqbench
Gomphonema parvulum,"anztox,envirotox,wqbench",60,exact_filtered,Chromista,Bacillariophyta,Chromista,Heterokontophyta,wqbench
Zostera muelleri,"anztox,wqbench",60,ambiguous_after_filter,Plantae,Magnoliophyta,NA,NA,wqbench
Leptolyngbya sp.,wqbench,59,genus_resolved,Monera,Cyanophycota,Bacteria,Cyanobacteria,wqbench
Calothrix brevissima,wqbench,55,exact_filtered,Monera,Cyanophycota,Bacteria,Cyanobacteria,wqbench
Fucus serratus,"anztox,envirotox,wqbench",54,exact_filtered,Chromista,Phaeophyta,Chromista,Ochrophyta,wqbench
Micranthemum umbrosum,wqbench,54,gbif_resolved,Plantae,Magnoliophyta,Plantae,Tracheophyta,wqbench
Prorocentrum minimum,"envirotox,wqbench",54,exact_unaccepted_filtered,Chromista,Pyrrophycophyta,Chromista,Myzozoa,wqbench
Pyropia yezoensis,wqbench,54,exact_filtered,Plantae,Rhodophycota,Plantae,Rhodophyta,wqbench
Karenia brevis,wqbench,53,exact_filtered,Chromista,Pyrrophycophyta,Chromista,Myzozoa,wqbench
Potamogeton pusillus,wqbench,52,exact_filtered,Plantae,Magnoliophyta,Plantae,Tracheophyta,wqbench
Vorticella convallaria,"envirotox,wqbench",52,exact_filtered,Animalia,Ciliophora,Chromista,Ciliophora,wqbench
Aphanizomenon flos-aquae,wqbench,50,exact_filtered,Monera,Cyanophycota,Bacteria,Cyanobacteria,wqbench
Paramecium caudatum,"envirotox,wqbench",50,exact_filtered,Animalia,Ciliophora,Chromista,Ciliophora,wqbench
Myriophyllum alterniflorum,wqbench,49,exact_filtered,Plantae,Magnoliophyta,Plantae,Tracheophyta,wqbench
Laminaria saccharina,"anztox,envirotox,wqbench",48,exact_unaccepted_filtered,Chromista,Phaeophyta,Chromista,Ochrophyta,wqbench
Didymosphenia geminata,wqbench,47,exact_unaccepted_filtered,Chromista,Bacillariophyta,Chromista,Heterokontophyta,wqbench
Oscillatoria sp.,wqbench,44,genus_resolved,Monera,Cyanophycota,Bacteria,Cyanobacteria,wqbench
Platymonas subcordiformis,wqbench,44,exact_unaccepted_filtered,Plantae,Prasinophyta,Plantae,Chlorophyta,wqbench
Cylindrotheca closterium,wqbench,42,exact_filtered,Chromista,Bacillariophyta,Chromista,Heterokontophyta,wqbench
Melosira varians,wqbench,42,exact_filtered,Chromista,Bacillariophyta,Chromista,Heterokontophyta,wqbench
Potamogeton illinoensis,wqbench,42,gbif_resolved,Plantae,Magnoliophyta,Plantae,Tracheophyta,wqbench
Pistia stratiotes,wqbench,41,exact_filtered,Plantae,Magnoliophyta,Plantae,Tracheophyta,wqbench
Glenodinium halli,wqbench,40,fuzzy_filtered,Chromista,Pyrrophycophyta,Chromista,Myzozoa,wqbench
Ichthyophthirius multifilis,wqbench,40,gbif_resolved,Animalia,Ciliophora,Chromista,Ciliophora,wqbench
Perkinsus marinus,wqbench,40,exact_filtered,Protista,Myzozoa,Chromista,Myzozoa,wqbench
Bellerochea polymorpha,"envirotox,wqbench",39,exact_unaccepted_filtered,Chromista,Bacillariophyta,Chromista,Heterokontophyta,wqbench
Potamogeton perfoliatus,wqbench,39,exact_filtered,Plantae,Magnoliophyta,Plantae,Tracheophyta,wqbench
Sarcodia suiae,wqbench,38,gbif_resolved,Plantae,Rhodophycota,Plantae,Rhodophyta,wqbench
Anabaena oryzae,wqbench,37,exact_unaccepted_filtered,Monera,Cyanophycota,Bacteria,Cyanobacteria,wqbench
Craticula accomoda,"anztox,wqbench",37,exact_unaccepted_filtered,Chromista,Bacillariophyta,Chromista,Heterokontophyta,wqbench
Gonyaulax polyedra,wqbench,37,exact_unaccepted_filtered,Chromista,Pyrrophycophyta,Chromista,Myzozoa,wqbench
Mayamaea fossalis,"anztox,wqbench",37,exact_unaccepted_filtered,Chromista,Bacillariophyta,Chromista,Heterokontophyta,wqbench
Pyrocystis lunula,wqbench,37,exact_filtered,Chromista,Pyrrophycophyta,Chromista,Myzozoa,wqbench
Salvinia minima,wqbench,37,gbif_resolved,Plantae,Polypodiophyta,Plantae,Tracheophyta,wqbench
Colpoda steinii,wqbench,36,gbif_resolved,Animalia,Ciliophora,Chromista,Ciliophora,wqbench
Ecklonia cava,wqbench,36,exact_filtered,Chromista,Phaeophyta,Chromista,Ochrophyta,wqbench
Microcystis wesenbergii,"envirotox,wqbench",36,exact_filtered,Monera,Cyanophycota,Bacteria,Cyanobacteria,wqbench
Potamogeton nodosus,wqbench,36,gbif_resolved,Plantae,Magnoliophyta,Plantae,Tracheophyta,wqbench
Cyanobium sp.,wqbench,35,genus_resolved,Monera,Cyanophycota,Bacteria,Cyanobacteria,wqbench
Persicaria amphibia,"anztox,wqbench",35,gbif_resolved,Plantae,Magnoliophyta,Plantae,Tracheophyta,wqbench
Tetrahymena furgasoni,wqbench,35,gbif_resolved,Animalia,Ciliophora,Chromista,Ciliophora,wqbench
Nephroselmis pyriformis,"anztox,wqbench",34,exact_filtered,Plantae,Prasinophyta,Plantae,Chlorophyta,wqbench
Ascophyllum nodosum,"anztox,wqbench",33,exact_filtered,Chromista,Phaeophyta,Chromista,Ochrophyta,wqbench
Chaetoceros sp.,wqbench,33,genus_resolved,Chromista,Bacillariophyta,Chromista,Heterokontophyta,wqbench
Gomphonema sp.,wqbench,33,gbif_resolved,Chromista,Bacillariophyta,Chromista,Ochrophyta,wqbench
Planothidium lanceolatum,wqbench,33,exact_filtered,Chromista,Bacillariophyta,Chromista,Heterokontophyta,wqbench
Salvinia natans,wqbench,33,gbif_resolved,Plantae,Polypodiophyta,Plantae,Tracheophyta,wqbench
Tolypothrix tenuis,"envirotox,wqbench",33,exact_filtered,Monera,Cyanophycota,Bacteria,Cyanobacteria,wqbench
Cymbella sp.,wqbench,32,genus_resolved,Chromista,Bacillariophyta,Chromista,Heterokontophyta,wqbench
Encyonema silesiacum,"anztox,wqbench",32,exact_unaccepted_filtered,Chromista,Bacillariophyta,Chromista,Heterokontophyta,wqbench
Chroococcus sp.,wqbench,31,genus_resolved,Monera,Cyanophycota,Bacteria,Cyanobacteria,wqbench
Eichhornia sp.,wqbench,31,genus_resolved,Plantae,Magnoliophyta,Plantae,Tracheophyta,wqbench
Navicula sp.,wqbench,31,genus_resolved,Chromista,Bacillariophyta,Chromista,Heterokontophyta,wqbench
Oscillatoria agardhii,"anztox,envirotox,wqbench",31,exact_unaccepted_filtered,Monera,Cyanophycota,Bacteria,Cyanobacteria,wqbench
Thalassiosira guillardii,"anztox,envirotox,wqbench",31,exact_unaccepted_filtered,Chromista,Bacillariophyta,Chromista,Heterokontophyta,wqbench
Thalassiosira weissflogii,wqbench,31,exact_unaccepted_filtered,Chromista,Bacillariophyta,Chromista,Heterokontophyta,wqbench
Pseudanabaena sp.,wqbench,30,genus_resolved,Monera,Cyanophycota,Bacteria,Cyanobacteria,wqbench
Anabaena azollae,wqbench,29,exact_unaccepted_filtered,Monera,Cyanophycota,Bacteria,Cyanobacteria,wqbench
Azolla pinnata,wqbench,29,gbif_resolved,Plantae,Polypodiophyta,Plantae,Tracheophyta,wqbench
Halodule wrightii,wqbench,29,exact_filtered,Plantae,Magnoliophyta,Plantae,Tracheophyta,wqbench
Hizikia fusiforme,wqbench,29,gbif_resolved,Chromista,Phaeophyta,Chromista,Ochrophyta,wqbench
Lessonia nigrescens,wqbench,29,exact_filtered,Chromista,Phaeophyta,Chromista,Ochrophyta,wqbench
Nitzschia pungens,"envirotox,wqbench",29,exact_unaccepted_filtered,Chromista,Bacillariophyta,Chromista,Heterokontophyta,wqbench
Pseudanabaena galeata,"envirotox,wqbench",29,exact_filtered,Monera,Cyanophycota,Bacteria,Cyanobacteria,wqbench
Storeatula major,wqbench,29,exact_filtered,Plantae,Cryptophycophyta,Chromista,Cryptophyta,wqbench
Trichodina sp.,wqbench,29,genus_resolved,Animalia,Ciliophora,Chromista,Ciliophora,wqbench
Eisenia bicyclis,"envirotox,wqbench",28,exact_filtered,Chromista,Phaeophyta,Chromista,Ochrophyta,wqbench
Halophila ovalis,wqbench,28,exact_filtered,Plantae,Magnoliophyta,Plantae,Tracheophyta,wqbench
Pyramimonas sp.,wqbench,28,genus_resolved,Plantae,Prasinophyta,Plantae,Chlorophyta,wqbench
Nasturtium officinale,wqbench,27,gbif_resolved,Plantae,Magnoliophyta,Plantae,Tracheophyta,wqbench
Odontella mobiliensis,wqbench,27,exact_unaccepted_filtered,Chromista,Bacillariophyta,Chromista,Heterokontophyta,wqbench
Spirostomum teres,"envirotox,wqbench",27,exact_filtered,Animalia,Ciliophora,Chromista,Ciliophora,wqbench
Stephanodiscus hantzschii,"anztox,envirotox,wqbench",27,exact_unaccepted_filtered,Chromista,Bacillariophyta,Chromista,Heterokontophyta,wqbench
Gyrinus sp.,wqbench,26,genus_resolved,Animalia,Arthropoda,Animalia,Chordata,wqbench
Potamogeton malaianus,wqbench,26,gbif_resolved,Plantae,Magnoliophyta,Plantae,Tracheophyta,wqbench
Acanthamoeba castellanii,wqbench,25,exact_filtered,Animalia,Protozoa,Protozoa,Amoebozoa,wqbench
Alexandrium pacificum,wqbench,25,exact_filtered,Chromista,Pyrrophycophyta,Chromista,Myzozoa,wqbench
Anabaena constricta,"envirotox,wqbench",25,exact_unaccepted_filtered,Monera,Cyanophycota,Bacteria,Cyanobacteria,wqbench
Bidens laevis,wqbench,25,exact_filtered,Plantae,Magnoliophyta,Plantae,Tracheophyta,wqbench
Navicula cryptotenella,wqbench,25,exact_unaccepted_filtered,Chromista,Bacillariophyta,Chromista,Heterokontophyta,wqbench
Azumiobodo hoyamushi,wqbench,24,exact_filtered,Animalia,Protozoa,Protozoa,Euglenozoa,wqbench
Callitriche platycarpa,wqbench,24,gbif_resolved,Plantae,Magnoliophyta,Plantae,Tracheophyta,wqbench
Euplotes crassus,wqbench,24,exact_filtered,Animalia,Ciliophora,Chromista,Ciliophora,wqbench
Pavlova viridis,wqbench,24,exact_unaccepted_filtered,Chromista,Chrysophyta,Chromista,Haptophyta,wqbench
Pseudanabaena foetida,wqbench,24,gbif_resolved,Monera,Cyanophycota,Bacteria,Cyanobacteria,wqbench
Staurastrum cristatum,"envirotox,wqbench",24,exact_filtered,Plantae,Charophyta,Plantae,Charophyta,wqbench
Synechococcus sp,envirotox,24,genus_resolved,Monera,Cyanophycota,Bacteria,Cyanobacteria,envirotox
Tetrahymena sp.,wqbench,24,genus_resolved,Animalia,Ciliophora,Chromista,Ciliophora,wqbench
Vallisneria denseserrulata,wqbench,24,gbif_resolved,Plantae,Magnoliophyta,Plantae,Tracheophyta,wqbench
Acanthamoeba polyphaga,wqbench,23,exact_filtered,Animalia,Protozoa,Protozoa,Amoebozoa,wqbench
Ditylum brightwellii,"anztox,wqbench",23,exact_unaccepted_filtered,Chromista,Bacillariophyta,Chromista,Heterokontophyta,wqbench
Fragilaria capucina ssp. rumpens,wqbench,23,gbif_resolved,Chromista,Bacillariophyta,Chromista,Ochrophyta,wqbench
Fucus virsoides,wqbench,23,exact_filtered,Chromista,Phaeophyta,Chromista,Ochrophyta,wqbench
Myriophyllum heterophyllum,"anztox,wqbench",23,gbif_resolved,Plantae,Magnoliophyta,Plantae,Tracheophyta,wqbench
Ochromonas ovalis,wqbench,23,exact_filtered,Chromista,Chrysophyta,Chromista,Ochrophyta,wqbench
Paramecium multimicronucleatum,"envirotox,wqbench",23,gbif_resolved,Animalia,Ciliophora,Chromista,Ciliophora,wqbench
Cochlodinium polykrikoides,wqbench,22,exact_unaccepted_filtered,Chromista,Pyrrophycophyta,Chromista,Myzozoa,wqbench
Nostoc sp.,wqbench,22,genus_resolved,Monera,Cyanophycota,Bacteria,Cyanobacteria,wqbench
Oryza sativa,wqbench,22,gbif_resolved,Plantae,Magnoliophyta,Plantae,Tracheophyta,wqbench
Azolla caroliniana,wqbench,21,gbif_resolved,Plantae,Polypodiophyta,Plantae,Tracheophyta,wqbench
Paramecium bursaria,"envirotox,wqbench",21,exact_filtered,Animalia,Ciliophora,Chromista,Ciliophora,wqbench
Spirogyra sp.,wqbench,21,genus_resolved,Plantae,Chlorophyta,Plantae,Charophyta,wqbench
Synechocystis aquatilis,"anztox,wqbench",21,exact_filtered,Monera,Cyanophycota,Bacteria,Cyanobacteria,wqbench
Chroococcus minor,"anztox,envirotox,wqbench",20,exact_filtered,Monera,Cyanophycota,Bacteria,Cyanobacteria,wqbench
Neogoniolithon fosliei,"anztox,wqbench",20,exact_filtered,Plantae,Rhodophycota,Plantae,Rhodophyta,wqbench
Nitzschia kuetzingiana,"envirotox,wqbench",20,exact_filtered,Chromista,Bacillariophyta,Chromista,Heterokontophyta,wqbench
Nitzschia linearis,wqbench,20,exact_filtered,Chromista,Bacillariophyta,Chromista,Heterokontophyta,wqbench
Rhodomonas salina,wqbench,20,exact_filtered,Plantae,Cryptophycophyta,Chromista,Cryptophyta,wqbench
Anabaena fertilissima,wqbench,19,exact_unaccepted_filtered,Monera,Cyanophycota,Bacteria,Cyanobacteria,wqbench
Cylindrospermopsis raciborskii,wqbench,19,exact_unaccepted_filtered,Monera,Cyanophycota,Bacteria,Cyanobacteria,wqbench
Cymodocea nodosa,wqbench,19,exact_filtered,Plantae,Magnoliophyta,Plantae,Tracheophyta,wqbench
Entomoneis punctulata,"anztox,wqbench",19,exact_unaccepted_filtered,Chromista,Bacillariophyta,Chromista,Heterokontophyta,wqbench
Platymonas sp.,wqbench,19,genus_resolved,Plantae,Prasinophyta,Plantae,Chlorophyta,wqbench
Cryptomonas obovata,wqbench,18,exact_unaccepted_filtered,Plantae,Cryptophycophyta,Chromista,Cryptophyta,wqbench
Pavlova lutheri,"envirotox,wqbench",18,exact_unaccepted_filtered,Chromista,Chrysophyta,Chromista,Haptophyta,wqbench
Phyllospora comosa,"envirotox,wqbench",18,exact_filtered,Chromista,Phaeophyta,Chromista,Ochrophyta,wqbench
Urotricha sp.,wqbench,18,genus_resolved,Animalia,Ciliophora,Chromista,Ciliophora,wqbench
Aureococcus anophagefferens,wqbench,17,exact_filtered,Chromista,Chrysophyta,Chromista,Ochrophyta,wqbench
Cylindrospermum sp,envirotox,17,genus_resolved,Monera,Cyanophycota,Bacteria,Cyanobacteria,envirotox
Microcystis sp,"anztox,envirotox",17,genus_resolved,Monera,Cyanophycota,Bacteria,Cyanobacteria,envirotox
Myriophyllum sp.,wqbench,17,genus_resolved,Plantae,Magnoliophyta,Plantae,Tracheophyta,wqbench
Navicula longa,wqbench,17,exact_filtered,Chromista,Bacillariophyta,Chromista,Heterokontophyta,wqbench
Oscillatoria angustissima,wqbench,17,exact_unaccepted_filtered,Monera,Cyanophycota,Bacteria,Cyanobacteria,wqbench
Pavlova sp.,wqbench,17,genus_resolved,Chromista,Chrysophyta,Chromista,Haptophyta,wqbench
Synedra sp.,wqbench,17,genus_resolved,Chromista,Bacillariophyta,Chromista,Heterokontophyta,wqbench
Anacystis nidulans,"envirotox,wqbench",16,exact_unaccepted_filtered,Monera,Cyanophycota,Bacteria,Cyanobacteria,wqbench
Caenorhabditis elegans,envirotox,16,exact_filtered,Animalia,Nemata,Animalia,Nematoda,envirotox
Eolimna minima,"anztox,envirotox,wqbench",16,exact_unaccepted_filtered,Chromista,Bacillariophyta,Chromista,Heterokontophyta,wqbench
Fabrea salina,wqbench,16,exact_filtered,Animalia,Ciliophora,Chromista,Ciliophora,wqbench
Myriophyllum quitense,wqbench,16,gbif_resolved,Plantae,Magnoliophyta,Plantae,Tracheophyta,wqbench
Oscillatoria limnetica,"envirotox,wqbench",16,exact_unaccepted_filtered,Monera,Cyanophycota,Bacteria,Cyanobacteria,wqbench
Sellaphora minima,wqbench,16,exact_unaccepted_filtered,Chromista,Bacillariophyta,Chromista,Heterokontophyta,wqbench
Anabaena doliolum,wqbench,15,exact_unaccepted_filtered,Monera,Cyanophycota,Bacteria,Cyanobacteria,wqbench
Anabaena oscillarioides,wqbench,15,exact_filtered,Monera,Cyanophycota,Bacteria,Cyanobacteria,wqbench
Apium nodiflorum,wqbench,15,gbif_resolved,Plantae,Magnoliophyta,Plantae,Tracheophyta,wqbench
Chaetoceros calcitrans forma pumilus,wqbench,15,gbif_resolved,Chromista,Bacillariophyta,Chromista,Ochrophyta,wqbench
Cocconeis sp.,wqbench,15,genus_resolved,Chromista,Bacillariophyta,Chromista,Heterokontophyta,wqbench
Merismopedia tenuissima,"envirotox,wqbench",15,exact_filtered,Monera,Cyanophycota,Bacteria,Cyanobacteria,wqbench
Monhystera microphthalma,"anztox,envirotox,wqbench",15,exact_unaccepted_filtered,Animalia,Nematoda,Animalia,Nematoda,wqbench
Vorticella microstoma,"envirotox,wqbench",15,exact_filtered,Animalia,Ciliophora,Chromista,Ciliophora,wqbench
Conticribra weissflogii,wqbench,14,gbif_resolved,Chromista,Bacillariophyta,Chromista,Ochrophyta,wqbench
Cyclotella sp.,wqbench,14,genus_resolved,Chromista,Bacillariophyta,Chromista,Heterokontophyta,wqbench
Lemna perpusilla,wqbench,14,gbif_resolved,Plantae,Magnoliophyta,Plantae,Tracheophyta,wqbench
Paramecium aurelia,"anztox,envirotox,wqbench",14,exact_filtered,Animalia,Ciliophora,Chromista,Ciliophora,wqbench
Anabaena sp,"anztox,envirotox",13,genus_resolved,Monera,Cyanophycota,Bacteria,Cyanobacteria,envirotox
Aulosira fertilissima,wqbench,13,exact_filtered,Monera,Cyanophycota,Bacteria,Cyanobacteria,wqbench
Chroomonas sp.,wqbench,13,genus_resolved,Plantae,Cryptophycophyta,Chromista,Cryptophyta,wqbench
Euplotes patella,"envirotox,wqbench",13,exact_filtered,Animalia,Ciliophora,Chromista,Ciliophora,wqbench
Porphyridium cruentum,"anztox,envirotox,wqbench",13,exact_unaccepted_filtered,Plantae,Rhodophycota,Plantae,Rhodophyta,wqbench
Potamogeton natans,wqbench,13,exact_filtered,Plantae,Magnoliophyta,Plantae,Tracheophyta,wqbench
Ruppia maritima,wqbench,13,exact_filtered,Plantae,Magnoliophyta,Plantae,Tracheophyta,wqbench
Aphanothece clathrata,"envirotox,wqbench",12,exact_unaccepted_filtered,Monera,Cyanophycota,Bacteria,Cyanobacteria,wqbench
Ceratoneis closterium,"anztox,wqbench",12,exact_unaccepted_filtered,Chromista,Bacillariophyta,Chromista,Heterokontophyta,wqbench
Ceratophyllum sp.,wqbench,12,genus_resolved,Plantae,Magnoliophyta,Plantae,Tracheophyta,wqbench
Durvillaea antarctica,wqbench,12,exact_filtered,Chromista,Phaeophyta,Chromista,Ochrophyta,wqbench
Eunotia sudetica ssp. incisa,wqbench,12,gbif_resolved,Chromista,Bacillariophyta,Chromista,Ochrophyta,wqbench
Euplotes affinis,"envirotox,wqbench",12,exact_filtered,Animalia,Ciliophora,Chromista,Ciliophora,wqbench
Euplotes sp.,wqbench,12,genus_resolved,Animalia,Ciliophora,Chromista,Ciliophora,wqbench
Ipomoea aquatica,wqbench,12,gbif_resolved,Plantae,Magnoliophyta,Plantae,Tracheophyta,wqbench
Mougeotia sp.,wqbench,12,genus_resolved,Plantae,Chlorophyta,Plantae,Charophyta,wqbench
Myriophyllum variifolium,wqbench,12,gbif_resolved,Plantae,Magnoliophyta,Plantae,Tracheophyta,wqbench
Navicula confervacea,wqbench,12,exact_unaccepted_filtered,Chromista,Bacillariophyta,Chromista,Heterokontophyta,wqbench
Nitzschia obtusa,wqbench,12,exact_filtered,Chromista,Bacillariophyta,Chromista,Heterokontophyta,wqbench
Posidonia oceania,wqbench,12,gbif_resolved,Plantae,Magnoliophyta,Plantae,Tracheophyta,wqbench
Salvinia molesta,wqbench,12,gbif_resolved,Plantae,Polypodiophyta,Plantae,Tracheophyta,wqbench
Scherffelia dubia,wqbench,12,exact_filtered,Plantae,Prasinophyta,Plantae,Chlorophyta,wqbench
Uronema nigricans,"envirotox,wqbench",12,exact_filtered,Animalia,Ciliophora,Chromista,Ciliophora,wqbench
Amphiprora paludosa,"anztox,wqbench",11,exact_unaccepted_filtered,Chromista,Bacillariophyta,Chromista,Heterokontophyta,wqbench
Arthrospira fusiformis,"anztox,wqbench",11,exact_unaccepted_filtered,Monera,Cyanophycota,Bacteria,Cyanobacteria,wqbench
Blepharisma undulans,wqbench,11,exact_filtered,Animalia,Ciliophora,Chromista,Ciliophora,wqbench
Colpoda cucullus,wqbench,11,exact_filtered,Animalia,Ciliophora,Chromista,Ciliophora,wqbench
Cryptomonas erosa,wqbench,11,exact_filtered,Plantae,Cryptophycophyta,Chromista,Cryptophyta,wqbench
Halophila stipulacea,wqbench,11,exact_filtered,Plantae,Magnoliophyta,Plantae,Tracheophyta,wqbench
Leptolyngbya boryana,"anztox,wqbench",11,exact_filtered,Monera,Cyanophycota,Bacteria,Cyanobacteria,wqbench
Navicula seminulum var hustedtii,envirotox,11,gbif_resolved,Chromista,Bacillariophyta,Chromista,Ochrophyta,envirotox
Nostoc minutum,wqbench,11,exact_filtered,Monera,Cyanophycota,Bacteria,Cyanobacteria,wqbench
Oikomonas termo,wqbench,11,exact_filtered,Chromista,Chrysophyta,Chromista,Ochrophyta,wqbench
Phormidium fragile,wqbench,11,exact_unaccepted_filtered,Monera,Cyanophycota,Bacteria,Cyanobacteria,wqbench
Phormidium inundatum,wqbench,11,exact_filtered,Monera,Cyanophycota,Bacteria,Cyanobacteria,wqbench
Scrippsiella trochoidea,wqbench,11,exact_unaccepted_filtered,Chromista,Pyrrophycophyta,Chromista,Myzozoa,wqbench
Wolffia arrhiza,wqbench,11,gbif_resolved,Plantae,Magnoliophyta,Plantae,Tracheophyta,wqbench
Achnanthes minutissima,wqbench,10,exact_unaccepted_filtered,Chromista,Bacillariophyta,Chromista,Heterokontophyta,wqbench
Achnanthidium sp.,wqbench,10,genus_resolved,Chromista,Bacillariophyta,Chromista,Heterokontophyta,wqbench
Amphora sp.,wqbench,10,genus_resolved,Chromista,Bacillariophyta,Chromista,Heterokontophyta,wqbench
Anabaena catenula,"anztox,wqbench",10,exact_filtered,Monera,Cyanophycota,Bacteria,Cyanobacteria,wqbench
Cabomba aquatica,wqbench,10,exact_filtered,Plantae,Magnoliophyta,Plantae,Tracheophyta,wqbench
Chaetoceros muelleri,wqbench,10,exact_filtered,Chromista,Bacillariophyta,Chromista,Heterokontophyta,wqbench
Chattonella marina,wqbench,10,exact_filtered,Chromista,Pyrrophycophyta,Chromista,Ochrophyta,wqbench
Chilodonella uncinata,"envirotox,wqbench",10,exact_filtered,Animalia,Ciliophora,Chromista,Ciliophora,wqbench
Colpidium sp.,wqbench,10,genus_resolved,Animalia,Ciliophora,Chromista,Ciliophora,wqbench
Cryptomonas pyrenoidifera,wqbench,10,exact_filtered,Plantae,Cryptophycophyta,Chromista,Cryptophyta,wqbench
Dexiotricha granulosa,"envirotox,wqbench",10,gbif_resolved,Animalia,Ciliophora,Chromista,Ciliophora,wqbench
Fragilaria crotonensis,wqbench,10,exact_filtered,Chromista,Bacillariophyta,Chromista,Heterokontophyta,wqbench
Furcellaria lumbricalis,wqbench,10,exact_filtered,Plantae,Rhodophycota,Plantae,Rhodophyta,wqbench
Gracilariopsis longissima,wqbench,10,exact_filtered,Plantae,Rhodophycota,Plantae,Rhodophyta,wqbench
Laminaria digitata,wqbench,10,exact_filtered,Chromista,Phaeophyta,Chromista,Ochrophyta,wqbench
Lingulodinium polyedrum,wqbench,10,fuzzy_filtered,Chromista,Pyrrophycophyta,Chromista,Myzozoa,wqbench
Nannochloropsis gaditana,"envirotox,wqbench",10,exact_unaccepted_filtered,Chromista,Ochrophyta,Chromista,Ochrophyta,wqbench
Opercularia sp.,wqbench,10,genus_resolved,Animalia,Ciliophora,Chromista,Ciliophora,wqbench
Oscillatoria chalybea,wqbench,10,exact_unaccepted_filtered,Monera,Cyanophycota,Bacteria,Cyanobacteria,wqbench
Pontederia cordata,"anztox,wqbench",10,gbif_resolved,Plantae,Magnoliophyta,Plantae,Tracheophyta,wqbench
Thalassodendron ciliatum,wqbench,10,exact_filtered,Plantae,Magnoliophyta,Plantae,Tracheophyta,wqbench
Zostera nigricaulis,wqbench,10,exact_filtered,Plantae,Magnoliophyta,Plantae,Tracheophyta,wqbench
Colpoda inflata,wqbench,9,gbif_resolved,Animalia,Ciliophora,Chromista,Ciliophora,wqbench
Cyclotella gamma,wqbench,9,exact_unaccepted_filtered,Chromista,Bacillariophyta,Chromista,Heterokontophyta,wqbench
Euplotes aediculatus,"envirotox,wqbench",9,exact_filtered,Animalia,Ciliophora,Chromista,Ciliophora,wqbench
Fragilaria capucina var. vaucheriae,wqbench,9,exact_unaccepted_filtered,Chromista,Bacillariophyta,Chromista,Heterokontophyta,wqbench
Navicula forcipata,"anztox,wqbench",9,exact_unaccepted_filtered,Chromista,Bacillariophyta,Chromista,Heterokontophyta,wqbench
Nitzschia sp,"anztox,envirotox",9,genus_resolved,Chromista,Bacillariophyta,Chromista,Heterokontophyta,envirotox
Nostoc sp,envirotox,9,genus_resolved,Monera,Cyanophycota,Bacteria,Cyanobacteria,envirotox
Nymphaea tetragona,wqbench,9,exact_filtered,Plantae,Magnoliophyta,Plantae,Tracheophyta,wqbench
Pavlova sp,"anztox,envirotox",9,genus_resolved,Plantae,Chrysophyta,Chromista,Haptophyta,envirotox
Scytosiphon lomentaria,wqbench,9,exact_filtered,Chromista,Phaeophyta,Chromista,Ochrophyta,wqbench
Spirulina sp.,wqbench,9,genus_resolved,Monera,Cyanophycota,Bacteria,Cyanobacteria,wqbench
Staurastrum manfeldtii,"envirotox,wqbench",9,exact_filtered,Plantae,Charophyta,Plantae,Charophyta,wqbench
Trochilia minuta,"envirotox,wqbench",9,exact_filtered,Animalia,Ciliophora,Chromista,Ciliophora,wqbench
Anabaena khannae,wqbench,8,exact_unaccepted_filtered,Monera,Cyanophycota,Bacteria,Cyanobacteria,wqbench
Anabaena torulosa,wqbench,8,exact_filtered,Monera,Cyanophycota,Bacteria,Cyanobacteria,wqbench
Aspidisca lynceus,"envirotox,wqbench",8,exact_filtered,Animalia,Ciliophora,Chromista,Ciliophora,wqbench
Blepharisma americanum,"envirotox,wqbench",8,gbif_resolved,Animalia,Ciliophora,Chromista,Ciliophora,wqbench
Ceratocorys horrida,wqbench,8,exact_filtered,Chromista,Pyrrophycophyta,Chromista,Myzozoa,wqbench
Cyclidium sp.,wqbench,8,genus_resolved,Animalia,Ciliophora,Chromista,Ciliophora,wqbench
Desmarestia menziesii,wqbench,8,exact_filtered,Chromista,Phaeophyta,Chromista,Ochrophyta,wqbench
Enhalus acoroides,wqbench,8,exact_filtered,Plantae,Magnoliophyta,Plantae,Tracheophyta,wqbench
Fistulifera saprophila,wqbench,8,exact_unaccepted_filtered,Chromista,Bacillariophyta,Chromista,Heterokontophyta,wqbench
Fragilaria capucina var vaucheriae,anztox,8,gbif_resolved,Chromista,Bacillariophyta,Chromista,Ochrophyta,anztox
Microcystis novacekii,wqbench,8,exact_filtered,Monera,Cyanophycota,Bacteria,Cyanobacteria,wqbench
Myriophyllum verticillatum,wqbench,8,exact_filtered,Plantae,Magnoliophyta,Plantae,Tracheophyta,wqbench
Nitzschia obtusa var. nana,wqbench,8,exact_unaccepted_filtered,Chromista,Bacillariophyta,Chromista,Heterokontophyta,wqbench
Opercularia coarctata,"envirotox,wqbench",8,gbif_resolved,Animalia,Ciliophora,Chromista,Ciliophora,wqbench
Opercularia minima,"envirotox,wqbench",8,gbif_resolved,Animalia,Ciliophora,Chromista,Ciliophora,wqbench
Prorocentrum sp.,wqbench,8,genus_resolved,Chromista,Pyrrophycophyta,Chromista,Myzozoa,wqbench
Pseudanabaena mucicola,"envirotox,wqbench",8,exact_filtered,Monera,Cyanophycota,Bacteria,Cyanobacteria,wqbench
Pyrocystis noctiluca,wqbench,8,exact_unaccepted_filtered,Chromista,Pyrrophycophyta,Chromista,Myzozoa,wqbench
Rhodomonas sp.,wqbench,8,genus_resolved,Plantae,Cryptophycophyta,Chromista,Cryptophyta,wqbench
Scytonema sp.,wqbench,8,genus_resolved,Monera,Cyanophycota,Bacteria,Cyanobacteria,wqbench
Thalassiosira sp.,wqbench,8,genus_resolved,Chromista,Bacillariophyta,Chromista,Heterokontophyta,wqbench
Wolffia sp.,wqbench,8,gbif_resolved,Plantae,Magnoliophyta,Plantae,Tracheophyta,wqbench
Acanthamoeba hatchetti,wqbench,7,exact_filtered,Animalia,Protozoa,Protozoa,Amoebozoa,wqbench
Aphanocapsa sp.,wqbench,7,genus_resolved,Monera,Cyanophycota,Bacteria,Cyanobacteria,wqbench
Asterionella formosa,wqbench,7,exact_filtered,Chromista,Bacillariophyta,Chromista,Heterokontophyta,wqbench
Azolla microphylla,wqbench,7,gbif_resolved,Plantae,Polypodiophyta,Plantae,Tracheophyta,wqbench
Ceramium tenuicorne,"anztox,wqbench",7,exact_filtered,Plantae,Rhodophycota,Plantae,Rhodophyta,wqbench
Ceratium hirundinella,wqbench,7,exact_filtered,Chromista,Pyrrophycophyta,Chromista,Myzozoa,wqbench
Chilomonas paramecium,"anztox,envirotox,wqbench",7,gbif_resolved,Plantae,Cryptophycophyta,Chromista,Cryptophyta,wqbench
Dictyota kunthii,wqbench,7,exact_filtered,Chromista,Phaeophyta,Chromista,Ochrophyta,wqbench
Heteranthera dubia,wqbench,7,gbif_resolved,Plantae,Magnoliophyta,Plantae,Tracheophyta,wqbench
Iris pseudacorus,wqbench,7,exact_filtered,Plantae,Magnoliophyta,Plantae,Tracheophyta,wqbench
Lemna disperma,wqbench,7,gbif_resolved,Plantae,Magnoliophyta,Plantae,Tracheophyta,wqbench
Lophopodella carteri,"envirotox,wqbench",7,exact_filtered,Animalia,Bryozoa,Animalia,Bryozoa,wqbench
Oscillatoria sp,envirotox,7,genus_resolved,Monera,Cyanophycota,Bacteria,Cyanobacteria,envirotox
Oscillatoria tenuis,wqbench,7,exact_filtered,Monera,Cyanophycota,Bacteria,Cyanobacteria,wqbench
Pectinatella magnifica,"envirotox,wqbench",7,exact_filtered,Animalia,Bryozoa,Animalia,Bryozoa,wqbench
Plumatella casmiana,"envirotox,wqbench",7,exact_filtered,Animalia,Bryozoa,Animalia,Bryozoa,wqbench
Staurastrum chaetoceras,"envirotox,wqbench",7,exact_filtered,Plantae,Charophyta,Plantae,Charophyta,wqbench
Vorticella sp.,wqbench,7,genus_resolved,Animalia,Ciliophora,Chromista,Ciliophora,wqbench
Amphora exigua,"anztox,wqbench",6,exact_unaccepted_filtered,Chromista,Bacillariophyta,Chromista,Heterokontophyta,wqbench
Anabaena affinis,wqbench,6,exact_unaccepted_filtered,Monera,Cyanophycota,Bacteria,Cyanobacteria,wqbench
Aphanizomenon sp.,wqbench,6,genus_resolved,Monera,Cyanophycota,Bacteria,Cyanobacteria,wqbench
Calothrix parietina,wqbench,6,exact_filtered,Monera,Cyanophycota,Bacteria,Cyanobacteria,wqbench
Ceratophyllum submersum,"anztox,wqbench",6,exact_filtered,Plantae,Magnoliophyta,Plantae,Tracheophyta,wqbench
Chroomonas acuta,wqbench,6,exact_unaccepted_filtered,Plantae,Cryptophycophyta,Chromista,Cryptophyta,wqbench
Colpidium colpoda,wqbench,6,exact_filtered,Animalia,Ciliophora,Chromista,Ciliophora,wqbench
Cryptomonas ovata,wqbench,6,exact_filtered,Plantae,Cryptophycophyta,Chromista,Cryptophyta,wqbench
Drepanomonas revoluta,wqbench,6,gbif_resolved,Animalia,Ciliophora,Chromista,Ciliophora,wqbench
Enterocytozoon hepatopenaei,wqbench,6,exact_filtered,Animalia,Protozoa,Fungi,Microsporidia,wqbench
Euglena sp.,wqbench,6,genus_resolved,Plantae,Euglenophycota,Protozoa,Euglenozoa,wqbench
Fragilaria pinnata,wqbench,6,exact_unaccepted_filtered,Chromista,Bacillariophyta,Chromista,Heterokontophyta,wqbench
Fragilaria rumpens,anztox,6,exact_filtered,Chromista,Bacillariophyta,Chromista,Heterokontophyta,anztox
Leptolyngbya sp,envirotox,6,genus_resolved,Eubacteria,Cyanobacteria,Bacteria,Cyanobacteria,envirotox
Microcoleus vaginatus,"anztox,wqbench",6,exact_filtered,Monera,Cyanophycota,Bacteria,Cyanobacteria,wqbench
Monochrysis lutheri,"anztox,envirotox",6,exact_unaccepted_filtered,Plantae,Chrysophyta,Chromista,Ochrophyta,envirotox
Pinnularia sp.,wqbench,6,genus_resolved,Chromista,Bacillariophyta,Chromista,Heterokontophyta,wqbench
Planktolyngbya limnetica,wqbench,6,exact_filtered,Monera,Cyanophycota,Bacteria,Cyanobacteria,wqbench
Planktothrix sp.,wqbench,6,genus_resolved,Monera,Cyanophycota,Bacteria,Cyanobacteria,wqbench
Planothidium hauckianum,wqbench,6,exact_filtered,Chromista,Bacillariophyta,Chromista,Heterokontophyta,wqbench
Porphyra yezoensis,envirotox,6,exact_unaccepted_filtered,Plantae,Rhodophycota,Plantae,Rhodophyta,envirotox
Poterioochromonas sp.,wqbench,6,genus_resolved,Chromista,Chrysophyta,Chromista,Ochrophyta,wqbench
Staurastrum sp,"anztox,envirotox",6,genus_resolved,Plantae,Chlorophyta,Plantae,Charophyta,envirotox
Synechocystis sp,envirotox,6,genus_resolved,Monera,Cyanophycota,Bacteria,Cyanobacteria,envirotox
Tabularia fasciculata,wqbench,6,exact_filtered,Chromista,Bacillariophyta,Chromista,Heterokontophyta,wqbench
Taenionema sp.,wqbench,6,genus_resolved,Animalia,Arthropoda,Animalia,Chordata,wqbench
Thalassia testudinum,"anztox,wqbench",6,exact_filtered,Plantae,Magnoliophyta,Plantae,Tracheophyta,wqbench
Achnanthes sp.,wqbench,5,genus_resolved,Chromista,Bacillariophyta,Chromista,Heterokontophyta,wqbench
Acineria uncinata,"envirotox,wqbench",5,gbif_resolved,Animalia,Ciliophora,Chromista,Ciliophora,wqbench
Alaria sp.,wqbench,5,genus_resolved,Chromista,Phaeophyta,Chromista,Ochrophyta,wqbench
Anabaena circinalis,"envirotox,wqbench",5,exact_unaccepted_filtered,Monera,Cyanophycota,Bacteria,Cyanobacteria,wqbench
Euplotes mutabilis,wqbench,5,exact_filtered,Animalia,Ciliophora,Chromista,Ciliophora,wqbench
Euplotes sp,envirotox,5,genus_resolved,Animalia,Ciliophora,Chromista,Ciliophora,envirotox
Euplotes vannus,wqbench,5,exact_filtered,Animalia,Ciliophora,Chromista,Ciliophora,wqbench
Gymnodinium breve,envirotox,5,exact_unaccepted_filtered,Plantae,Pyrrophycophyta,Chromista,Myzozoa,envirotox
Halteria grandinella,wqbench,5,exact_filtered,Animalia,Ciliophora,Chromista,Ciliophora,wqbench
Hydrilla sp.,wqbench,5,genus_resolved,Plantae,Magnoliophyta,Plantae,Tracheophyta,wqbench
Laminaria hyperborea,wqbench,5,exact_filtered,Chromista,Phaeophyta,Chromista,Ochrophyta,wqbench
Micromonas pusilla,"envirotox,wqbench",5,exact_filtered,Plantae,Prasinophyta,Plantae,Chlorophyta,wqbench
Navicula sp,"anztox,envirotox",5,genus_resolved,Chromista,Bacillariophyta,Chromista,Heterokontophyta,envirotox
Nostoc sphaeroides,wqbench,5,exact_filtered,Monera,Cyanophycota,Bacteria,Cyanobacteria,wqbench
Oophila sp,envirotox,5,genus_resolved,Eubacteria,Cyanobacteria,Plantae,Chlorophyta,envirotox
Oscillatoria laetevirens,envirotox,5,exact_unaccepted_filtered,Monera,Cyanophycota,Bacteria,Cyanobacteria,envirotox
Phormidium tenue,wqbench,5,exact_unaccepted_filtered,Monera,Cyanophycota,Bacteria,Cyanobacteria,wqbench
Platymonas viridis,wqbench,5,exact_unaccepted_filtered,Plantae,Prasinophyta,Plantae,Chlorophyta,wqbench
Triceratium sp.,wqbench,5,genus_resolved,Chromista,Bacillariophyta,Chromista,Heterokontophyta,wqbench
Ulnaria sp.,wqbench,5,gbif_resolved,Chromista,Bacillariophyta,Chromista,Ochrophyta,wqbench
Uronema marinum,"envirotox,wqbench",5,exact_filtered,Animalia,Ciliophora,Chromista,Ciliophora,wqbench
Amyloodinium ocellatum,wqbench,4,exact_filtered,Chromista,Pyrrophycophyta,Chromista,Myzozoa,wqbench
Anacystis alpicola,"envirotox,wqbench",4,gbif_resolved,Monera,Cyanophycota,Bacteria,Cyanobacteria,wqbench
Biddulphia sp.,wqbench,4,genus_resolved,Chromista,Bacillariophyta,Chromista,Heterokontophyta,wqbench
Calothrix sp.,wqbench,4,genus_resolved,Monera,Cyanophycota,Bacteria,Cyanobacteria,wqbench
Cochliopodium bilimbosum,wqbench,4,gbif_resolved,Animalia,Protozoa,Protozoa,Amoebozoa,wqbench
Coscinodiscus sp.,wqbench,4,genus_resolved,Chromista,Bacillariophyta,Chromista,Heterokontophyta,wqbench
Echinochloa oryzicola,wqbench,4,gbif_resolved,Plantae,Magnoliophyta,Plantae,Tracheophyta,wqbench
Epithemia adnata,wqbench,4,exact_unaccepted_filtered,Chromista,Bacillariophyta,Chromista,Heterokontophyta,wqbench
Epithemia sp.,wqbench,4,genus_resolved,Chromista,Bacillariophyta,Chromista,Heterokontophyta,wqbench
Fallopia convolvulus,wqbench,4,gbif_resolved,Plantae,Magnoliophyta,Plantae,Tracheophyta,wqbench
Fragilaria ulna,anztox,4,exact_unaccepted_filtered,Chromista,Bacillariophyta,Chromista,Heterokontophyta,anztox
Gomphonema pumilum,wqbench,4,exact_unaccepted_filtered,Chromista,Bacillariophyta,Chromista,Heterokontophyta,wqbench
Gymnodinium mikimotoi,wqbench,4,exact_unaccepted_filtered,Chromista,Pyrrophycophyta,Chromista,Myzozoa,wqbench
Kappaphycus alvarezii,wqbench,4,exact_filtered,Plantae,Rhodophycota,Plantae,Rhodophyta,wqbench
Lyngbya sp,envirotox,4,genus_resolved,Monera,Cyanophycota,Bacteria,Cyanobacteria,envirotox
Najas guadalupensis,wqbench,4,gbif_resolved,Plantae,Magnoliophyta,Plantae,Tracheophyta,wqbench
Neosiphonia savatieri,wqbench,4,exact_unaccepted_filtered,Plantae,Rhodophycota,Plantae,Rhodophyta,wqbench
Nitzschia angularis var. affinis,wqbench,4,exact_unaccepted_filtered,Chromista,Bacillariophyta,Chromista,Heterokontophyta,wqbench
Nostoc sphaericum,wqbench,4,exact_filtered,Monera,Cyanophycota,Bacteria,Cyanobacteria,wqbench
Nuphar luteum,wqbench,4,gbif_resolved,Plantae,Magnoliophyta,Plantae,Tracheophyta,wqbench
Nymphaea spontanea,wqbench,4,gbif_resolved,Plantae,Magnoliophyta,Plantae,Tracheophyta,wqbench
Phormidium formosum,"envirotox,wqbench",4,exact_unaccepted_filtered,Monera,Cyanophycota,Bacteria,Cyanobacteria,wqbench
Planktothrix rubescens,wqbench,4,exact_filtered,Monera,Cyanophycota,Bacteria,Cyanobacteria,wqbench
Sagittaria sp.,wqbench,4,genus_resolved,Plantae,Magnoliophyta,Plantae,Tracheophyta,wqbench
Salicornia virginica,wqbench,4,exact_filtered,Plantae,Magnoliophyta,Plantae,Tracheophyta,wqbench
Sellaphora minina,anztox,4,gbif_resolved,Chromista,Bacillariophyta,Chromista,Ochrophyta,anztox
Spirodela oligorhiza,wqbench,4,gbif_resolved,Plantae,Magnoliophyta,Plantae,Tracheophyta,wqbench
Spirogyra cylindrica,wqbench,4,exact_filtered,Plantae,Chlorophyta,Plantae,Charophyta,wqbench
Staurastrum sebaldi,"envirotox,wqbench",4,exact_filtered,Plantae,Charophyta,Plantae,Charophyta,wqbench
Stylonychia lemnae,wqbench,4,exact_filtered,Animalia,Ciliophora,Chromista,Ciliophora,wqbench
Thalassiosira fluviatilis,"anztox,envirotox",4,exact_unaccepted_filtered,Chromista,Bacillariophyta,Chromista,Heterokontophyta,envirotox
Westiellopsis prolifica,wqbench,4,exact_filtered,Monera,Cyanophycota,Bacteria,Cyanobacteria,wqbench
Asterionella japonica,"anztox,wqbench",3,exact_unaccepted_filtered,Chromista,Bacillariophyta,Chromista,Heterokontophyta,wqbench
Aulacoseira granulata,wqbench,3,exact_filtered,Chromista,Bacillariophyta,Chromista,Heterokontophyta,wqbench
Bellerochea malleus,"envirotox,wqbench",3,exact_unaccepted_filtered,Chromista,Bacillariophyta,Chromista,Heterokontophyta,wqbench
Callitriche obtusangula,wqbench,3,gbif_resolved,Plantae,Magnoliophyta,Plantae,Tracheophyta,wqbench
Calothrix marchica,wqbench,3,exact_filtered,Monera,Cyanophycota,Bacteria,Cyanobacteria,wqbench
Chrysococcus sp.,wqbench,3,genus_resolved,Chromista,Chrysophyta,Chromista,Ochrophyta,wqbench
Dexiostoma campyla,wqbench,3,gbif_resolved,Animalia,Ciliophora,Chromista,Ciliophora,wqbench
Euglena mutabilis,envirotox,3,exact_filtered,Plantae,Euglenophycota,Protozoa,Euglenozoa,envirotox
Eunotia sp.,wqbench,3,genus_resolved,Chromista,Bacillariophyta,Chromista,Heterokontophyta,wqbench
Grateloupia dichotoma,wqbench,3,exact_unaccepted_filtered,Plantae,Rhodophycota,Plantae,Rhodophyta,wqbench
Levanderina fissa,wqbench,3,exact_filtered,Chromista,Pyrrophycophyta,Chromista,Myzozoa,wqbench
Nelumbo nucifera,wqbench,3,exact_filtered,Plantae,Magnoliophyta,Plantae,Tracheophyta,wqbench
Nitzschia sigma,"envirotox,wqbench",3,exact_unaccepted_filtered,Chromista,Bacillariophyta,Chromista,Heterokontophyta,wqbench
Nymphaea odorata,wqbench,3,exact_filtered,Plantae,Magnoliophyta,Plantae,Tracheophyta,wqbench
Ochromonas danica,"envirotox,wqbench",3,exact_unaccepted_filtered,Chromista,Chrysophyta,Chromista,Ochrophyta,wqbench
Ochromonas sp.,wqbench,3,genus_resolved,Chromista,Chrysophyta,Chromista,Ochrophyta,wqbench
Plectonema boryanum,"anztox,wqbench",3,exact_unaccepted_filtered,Monera,Cyanophycota,Bacteria,Cyanobacteria,wqbench
Potamogeton sp.,wqbench,3,genus_resolved,Plantae,Magnoliophyta,Plantae,Tracheophyta,wqbench
Proteomonas sulcata,wqbench,3,exact_filtered,Plantae,Cryptophycophyta,Chromista,Cryptophyta,wqbench
Schoenoplectus tabernaemontani,wqbench,3,exact_filtered,Plantae,Magnoliophyta,Plantae,Tracheophyta,wqbench
Senna tora,wqbench,3,gbif_resolved,Plantae,Magnoliophyta,Plantae,Tracheophyta,wqbench
Spumella sp.,wqbench,3,genus_resolved,Chromista,Chrysophyta,Chromista,Ochrophyta,wqbench
Stentor coeruleus,wqbench,3,exact_filtered,Animalia,Ciliophora,Chromista,Ciliophora,wqbench
Symbiodinium muscatinei,wqbench,3,exact_filtered,Chromista,Pyrrophycophyta,Chromista,Myzozoa,wqbench
Synedra rumpens,wqbench,3,exact_unaccepted_filtered,Chromista,Bacillariophyta,Chromista,Heterokontophyta,wqbench
Thalassiosira rotula,wqbench,3,exact_unaccepted_filtered,Chromista,Bacillariophyta,Chromista,Heterokontophyta,wqbench
Themiste sp.,wqbench,3,genus_resolved,Animalia,Sipuncula,Animalia,Annelida,wqbench
Tolypothrix sp.,wqbench,3,genus_resolved,Monera,Cyanophycota,Bacteria,Cyanobacteria,wqbench
Urosolenia eriensis,wqbench,3,exact_unaccepted_filtered,Chromista,Bacillariophyta,Chromista,Heterokontophyta,wqbench
Vallisneria sp.,wqbench,3,genus_resolved,Plantae,Magnoliophyta,Plantae,Tracheophyta,wqbench
Westiellopsis sp.,wqbench,3,genus_resolved,Monera,Cyanophycota,Bacteria,Cyanobacteria,wqbench
Zygnema cylindricum,wqbench,3,exact_filtered,Plantae,Chlorophyta,Plantae,Charophyta,wqbench
Zygnema sp.,wqbench,3,genus_resolved,Plantae,Chlorophyta,Plantae,Charophyta,wqbench
Achnanthidium sp,envirotox,2,genus_resolved,Chromista,Bacillariophyta,Chromista,Heterokontophyta,envirotox
Allium cepa,wqbench,2,gbif_resolved,Plantae,Magnoliophyta,Plantae,Tracheophyta,wqbench
Anacystis flosaquae,wqbench,2,gbif_resolved,Monera,Cyanophycota,Bacteria,Cyanobacteria,wqbench
Arthrospira sp.,wqbench,2,genus_resolved,Monera,Cyanophycota,Bacteria,Cyanobacteria,wqbench
Astasia longa,wqbench,2,exact_unaccepted_filtered,Plantae,Euglenophycota,Protozoa,Euglenozoa,wqbench
Aulacoseira ambigua,wqbench,2,exact_filtered,Chromista,Bacillariophyta,Chromista,Heterokontophyta,wqbench
Aulosira sp.,wqbench,2,genus_resolved,Monera,Cyanophycota,Bacteria,Cyanobacteria,wqbench
Azolla mexicana,wqbench,2,gbif_resolved,Plantae,Polypodiophyta,Plantae,Tracheophyta,wqbench
Bacopa caroliniana,wqbench,2,gbif_resolved,Plantae,Magnoliophyta,Plantae,Tracheophyta,wqbench
Berula erecta,"anztox,wqbench",2,gbif_resolved,Plantae,Magnoliophyta,Plantae,Tracheophyta,wqbench
Brasenia schreberi,wqbench,2,exact_filtered,Plantae,Magnoliophyta,Plantae,Tracheophyta,wqbench
Chamaesiphon sp.,wqbench,2,genus_resolved,Monera,Cyanophycota,Bacteria,Cyanobacteria,wqbench
Chilomonas sp.,wqbench,2,genus_resolved,Plantae,Cryptophycophyta,Chromista,Cryptophyta,wqbench
Coccochloris peniocystis,"anztox,wqbench",2,exact_unaccepted_filtered,Monera,Cyanophycota,Bacteria,Cyanobacteria,wqbench
Cochliopodium sp.,wqbench,2,genus_resolved,Animalia,Protozoa,Protozoa,Amoebozoa,wqbench
Coleochaete sp.,wqbench,2,genus_resolved,Plantae,Chlorophyta,Plantae,Charophyta,wqbench
Craticula cuspidata,wqbench,2,exact_unaccepted_filtered,Chromista,Bacillariophyta,Chromista,Heterokontophyta,wqbench
Cryptomonas tetrapyrenoidosa,wqbench,2,exact_filtered,Plantae,Cryptophycophyta,Chromista,Cryptophyta,wqbench
Cryptosporidium parvum,wqbench,2,gbif_resolved,Animalia,Apicomplexa,Chromista,Myzozoa,wqbench
Cymbella microcephala,wqbench,2,exact_unaccepted_filtered,Chromista,Bacillariophyta,Chromista,Heterokontophyta,wqbench
Cymbella minuta,wqbench,2,exact_unaccepted_filtered,Chromista,Bacillariophyta,Chromista,Heterokontophyta,wqbench
Diatoma hiemale,wqbench,2,exact_unaccepted_filtered,Chromista,Bacillariophyta,Chromista,Heterokontophyta,wqbench
Diatoma vulgaris,wqbench,2,exact_filtered,Chromista,Bacillariophyta,Chromista,Heterokontophyta,wqbench
Dictyostelium discoideum,wqbench,2,gbif_resolved,Animalia,Protozoa,Protozoa,Mycetozoa,wqbench
Didinium nasutum,"envirotox,wqbench",2,exact_filtered,Animalia,Ciliophora,Chromista,Ciliophora,wqbench
Dinobryon sp.,wqbench,2,genus_resolved,Chromista,Chrysophyta,Chromista,Ochrophyta,wqbench
Entomoneis cf punctulata,envirotox,2,gbif_resolved,Chromista,Bacillariophyta,Chromista,Ochrophyta,envirotox
Eunotia pectinalis var. minor,wqbench,2,exact_unaccepted_filtered,Chromista,Bacillariophyta,Chromista,Heterokontophyta,wqbench
Eutreptiella sp.,wqbench,2,genus_resolved,Plantae,Euglenophycota,Protozoa,Euglenozoa,wqbench
Fibrocapsa japonica,wqbench,2,exact_filtered,Chromista,Pyrrophycophyta,Chromista,Ochrophyta,wqbench
Fragilaria acus,wqbench,2,exact_unaccepted_filtered,Chromista,Bacillariophyta,Chromista,Heterokontophyta,wqbench
Gomphonema truncatum,wqbench,2,exact_filtered,Chromista,Bacillariophyta,Chromista,Heterokontophyta,wqbench
Gomphosphaeria lacustris,wqbench,2,exact_unaccepted_filtered,Monera,Cyanophycota,Bacteria,Cyanobacteria,wqbench
Heterocapsa niei,wqbench,2,exact_filtered,Chromista,Pyrrophycophyta,Chromista,Myzozoa,wqbench
Hydrolithon onkodes,wqbench,2,exact_unaccepted_filtered,Plantae,Rhodophycota,Plantae,Rhodophyta,wqbench
Hymenomonas elongata,"envirotox,wqbench",2,exact_unaccepted_filtered,Chromista,Haptophyta,Chromista,Haptophyta,wqbench
Iris hexagona,wqbench,2,gbif_resolved,Plantae,Magnoliophyta,Plantae,Tracheophyta,wqbench
Kobayasiella subtilissima,wqbench,2,exact_unaccepted_filtered,Chromista,Bacillariophyta,Chromista,Heterokontophyta,wqbench
Lemna minuta,wqbench,2,gbif_resolved,Plantae,Magnoliophyta,Plantae,Tracheophyta,wqbench
Lemna valdiviana,wqbench,2,gbif_resolved,Plantae,Magnoliophyta,Plantae,Tracheophyta,wqbench
Lyngbya sp.,wqbench,2,genus_resolved,Monera,Cyanophycota,Bacteria,Cyanobacteria,wqbench
Mallomonas sp.,wqbench,2,genus_resolved,Chromista,Chrysophyta,Chromista,Ochrophyta,wqbench
Mayamaea atomus,wqbench,2,exact_unaccepted_filtered,Chromista,Bacillariophyta,Chromista,Heterokontophyta,wqbench
Microcystis firma,wqbench,2,exact_filtered,Monera,Cyanophycota,Bacteria,Cyanobacteria,wqbench
Najas flexilis,wqbench,2,exact_filtered,Plantae,Magnoliophyta,Plantae,Tracheophyta,wqbench
Navicula schroeteri,wqbench,2,exact_filtered,Chromista,Bacillariophyta,Chromista,Heterokontophyta,wqbench
Navicula tripunctata,wqbench,2,exact_unaccepted_filtered,Chromista,Bacillariophyta,Chromista,Heterokontophyta,wqbench
Nitzschia accomodata,wqbench,2,gbif_resolved,Chromista,Bacillariophyta,Chromista,Ochrophyta,wqbench
Nitzschia angularis var affinis,envirotox,2,gbif_resolved,Chromista,Bacillariophyta,Chromista,Ochrophyta,envirotox
Nitzschia dissipata var. dissipata,wqbench,2,gbif_resolved,Chromista,Bacillariophyta,Chromista,Ochrophyta,wqbench
Nitzschia paleacea,wqbench,2,exact_unaccepted_filtered,Chromista,Bacillariophyta,Chromista,Heterokontophyta,wqbench
Nitzschia perminuta,wqbench,2,exact_filtered,Chromista,Bacillariophyta,Chromista,Heterokontophyta,wqbench
Nostoc entophytum,wqbench,2,exact_unaccepted_filtered,Monera,Cyanophycota,Bacteria,Cyanobacteria,wqbench
Nostoc linckia,envirotox,2,exact_filtered,Monera,Cyanophycota,Bacteria,Cyanobacteria,envirotox
Nuphar lutea ssp. advena,wqbench,2,gbif_resolved,Plantae,Magnoliophyta,Plantae,Tracheophyta,wqbench
Oryza sativa ssp. japonica,wqbench,2,gbif_resolved,Plantae,Magnoliophyta,Plantae,Tracheophyta,wqbench
Peridinium sp.,wqbench,2,genus_resolved,Chromista,Pyrrophycophyta,Chromista,Myzozoa,wqbench
Platymonas sp,envirotox,2,genus_resolved,Plantae,Prasinophyta,Plantae,Chlorophyta,envirotox
Prorocentrum micans,"anztox,wqbench",2,exact_filtered,Chromista,Pyrrophycophyta,Chromista,Myzozoa,wqbench
Pseudanabaena catenata,wqbench,2,exact_filtered,Monera,Cyanophycota,Bacteria,Cyanobacteria,wqbench
Pseudanabaena sp,envirotox,2,genus_resolved,Monera,Cyanophycota,Bacteria,Cyanobacteria,envirotox
Rhopalodia gibba,wqbench,2,exact_filtered,Chromista,Bacillariophyta,Chromista,Heterokontophyta,wqbench
Rivularia sp.,wqbench,2,genus_resolved,Monera,Cyanophycota,Bacteria,Cyanobacteria,wqbench
Sagittaria kurziana,wqbench,2,gbif_resolved,Plantae,Magnoliophyta,Plantae,Tracheophyta,wqbench
Stephanodiscus invisitatus,wqbench,2,exact_unaccepted_filtered,Chromista,Bacillariophyta,Chromista,Heterokontophyta,wqbench
Stephanodiscus sp.,wqbench,2,genus_resolved,Chromista,Bacillariophyta,Chromista,Heterokontophyta,wqbench
Synechococcus nidulans,"envirotox,wqbench",2,exact_filtered,Monera,Cyanophycota,Bacteria,Cyanobacteria,wqbench
Tolypothrix limbata,wqbench,2,exact_filtered,Monera,Cyanophycota,Bacteria,Cyanobacteria,wqbench
Trachelomonas sp.,wqbench,2,genus_resolved,Plantae,Euglenophycota,Protozoa,Euglenozoa,wqbench
Trichophyra piscium,wqbench,2,gbif_resolved,Animalia,Ciliophora,Chromista,Ciliophora,wqbench
Vallisneria gigantea,wqbench,2,gbif_resolved,Plantae,Magnoliophyta,Plantae,Tracheophyta,wqbench
Vorticella campanula,wqbench,2,exact_filtered,Animalia,Ciliophora,Chromista,Ciliophora,wqbench
Acorus americanus,wqbench,1,gbif_resolved,Plantae,Magnoliophyta,Plantae,Tracheophyta,wqbench
Adlafia bryophila,wqbench,1,exact_filtered,Chromista,Bacillariophyta,Chromista,Heterokontophyta,wqbench
Alexandrium minutum,wqbench,1,exact_filtered,Chromista,Pyrrophycophyta,Chromista,Myzozoa,wqbench
Anophryoides haemophila,wqbench,1,gbif_resolved,Animalia,Ciliophora,Chromista,Ciliophora,wqbench
Calothrix braunii,wqbench,1,exact_filtered,Monera,Cyanophycota,Bacteria,Cyanobacteria,wqbench
Cavinula variostriata,wqbench,1,exact_unaccepted_filtered,Chromista,Bacillariophyta,Chromista,Heterokontophyta,wqbench
Chaetoceros decipiens,wqbench,1,exact_filtered,Chromista,Bacillariophyta,Chromista,Heterokontophyta,wqbench
Cocconeis sp,envirotox,1,genus_resolved,Chromista,Ochrophyta,Chromista,Heterokontophyta,envirotox
Coelosphaerium sp.,wqbench,1,genus_resolved,Monera,Cyanophycota,Bacteria,Cyanobacteria,wqbench
Cyclotella choctawhatcheeana,wqbench,1,exact_unaccepted_filtered,Chromista,Bacillariophyta,Chromista,Heterokontophyta,wqbench
Cyclotella cryptica,wqbench,1,exact_unaccepted_filtered,Chromista,Bacillariophyta,Chromista,Heterokontophyta,wqbench
Cylindrotheca sp.,wqbench,1,genus_resolved,Chromista,Bacillariophyta,Chromista,Heterokontophyta,wqbench
Detonula confervacea,wqbench,1,exact_unaccepted_filtered,Chromista,Bacillariophyta,Chromista,Heterokontophyta,wqbench
Diploneis sp.,wqbench,1,genus_resolved,Chromista,Bacillariophyta,Chromista,Heterokontophyta,wqbench
Echinosphaerium sp.,wqbench,1,gbif_resolved,Animalia,Protozoa,Chromista,Ochrophyta,wqbench
Elakatothrix gelatinosa,wqbench,1,exact_filtered,Plantae,Chlorophyta,Plantae,Charophyta,wqbench
Eucocconeis flexella,wqbench,1,exact_unaccepted_filtered,Chromista,Bacillariophyta,Chromista,Heterokontophyta,wqbench
Euplotes moebiusi,wqbench,1,exact_filtered,Animalia,Ciliophora,Chromista,Ciliophora,wqbench
Fucus sp.,wqbench,1,genus_resolved,Chromista,Phaeophyta,Chromista,Ochrophyta,wqbench
Glaucoma scintillans,wqbench,1,exact_filtered,Animalia,Ciliophora,Chromista,Ciliophora,wqbench
Gloeocapsa crepidinum,wqbench,1,exact_unaccepted_filtered,Monera,Cyanophycota,Bacteria,Cyanobacteria,wqbench
Gloeocapsa sanguinea,wqbench,1,exact_filtered,Monera,Cyanophycota,Bacteria,Cyanobacteria,wqbench
Gloeocapsa sp.,wqbench,1,genus_resolved,Monera,Cyanophycota,Bacteria,Cyanobacteria,wqbench
Gracilaria sp.,wqbench,1,genus_resolved,Plantae,Rhodophycota,Plantae,Rhodophyta,wqbench
Gracilaria vermiculophylla,wqbench,1,exact_filtered,Plantae,Rhodophycota,Plantae,Rhodophyta,wqbench
Gymnodinium sp.,wqbench,1,genus_resolved,Chromista,Pyrrophycophyta,Chromista,Myzozoa,wqbench
Gyrinus sp,envirotox,1,genus_resolved,Animalia,Arthropoda,Animalia,Chordata,envirotox
Halteria sp.,wqbench,1,genus_resolved,Animalia,Ciliophora,Chromista,Ciliophora,wqbench
Heterocapsa sp.,wqbench,1,gbif_resolved,Chromista,Pyrrophycophyta,Chromista,Myzozoa,wqbench
Holosticha kessleri,wqbench,1,exact_unaccepted_filtered,Animalia,Ciliophora,Chromista,Ciliophora,wqbench
Karayevia clevei,wqbench,1,exact_filtered,Chromista,Bacillariophyta,Chromista,Heterokontophyta,wqbench
Komvophoron minutum,wqbench,1,exact_filtered,Monera,Cyanophycota,Bacteria,Cyanobacteria,wqbench
Landoltia sp.,wqbench,1,gbif_resolved,Plantae,Magnoliophyta,Plantae,Tracheophyta,wqbench
Loxodes striatus,wqbench,1,exact_filtered,Animalia,Ciliophora,Chromista,Ciliophora,wqbench
Mesotaenium caldariorum,wqbench,1,exact_filtered,Plantae,Chlorophyta,Plantae,Charophyta,wqbench
Microcystis pulverea ssp. incerta,wqbench,1,gbif_resolved,Monera,Cyanophycota,Bacteria,Cyanobacteria,wqbench
Monochrysis sp.,wqbench,1,genus_resolved,Chromista,Chrysophyta,Chromista,Ochrophyta,wqbench
Naegleria lovaniensis,wqbench,1,gbif_resolved,Animalia,Protozoa,Protozoa,Amoebozoa,wqbench
Najas marina,wqbench,1,exact_filtered,Plantae,Magnoliophyta,Plantae,Tracheophyta,wqbench
Nitzschia angularis,envirotox,1,exact_filtered,Chromista,Bacillariophyta,Chromista,Heterokontophyta,envirotox
Nitzschia minutula,wqbench,1,exact_unaccepted_filtered,Chromista,Bacillariophyta,Chromista,Heterokontophyta,wqbench
Nitzschia ovalis,wqbench,1,exact_filtered,Chromista,Bacillariophyta,Chromista,Heterokontophyta,wqbench
Nuphar sp.,wqbench,1,genus_resolved,Plantae,Magnoliophyta,Plantae,Tracheophyta,wqbench
Paramecium primaurelia,wqbench,1,gbif_resolved,Animalia,Ciliophora,Chromista,Ciliophora,wqbench
Paramecium putrinum,wqbench,1,exact_filtered,Animalia,Ciliophora,Chromista,Ciliophora,wqbench
Paramecium sp.,wqbench,1,genus_resolved,Animalia,Ciliophora,Chromista,Ciliophora,wqbench
Pavlova gyrans,wqbench,1,exact_filtered,Chromista,Chrysophyta,Chromista,Haptophyta,wqbench
Philasterides dicentrarchi,wqbench,1,gbif_resolved,Animalia,Ciliophora,Chromista,Ciliophora,wqbench
Phormidium sp.,wqbench,1,genus_resolved,Monera,Cyanophycota,Bacteria,Cyanobacteria,wqbench
Pleurosira sp.,wqbench,1,genus_resolved,Chromista,Bacillariophyta,Chromista,Heterokontophyta,wqbench
Potamogeton foliosus,wqbench,1,gbif_resolved,Plantae,Magnoliophyta,Plantae,Tracheophyta,wqbench
Poterioochromonas malhamensis,wqbench,1,exact_filtered,Chromista,Chrysophyta,Chromista,Ochrophyta,wqbench
Ranunculus penicillatus,wqbench,1,gbif_resolved,Plantae,Magnoliophyta,Plantae,Tracheophyta,wqbench
Ranunculus trichophyllus var. trichophyllus,wqbench,1,gbif_resolved,Plantae,Magnoliophyta,Plantae,Tracheophyta,wqbench
Reimeria sinuata,wqbench,1,exact_filtered,Chromista,Bacillariophyta,Chromista,Heterokontophyta,wqbench
Rhodomonas baltica,wqbench,1,exact_unaccepted_filtered,Plantae,Cryptophycophyta,Chromista,Cryptophyta,wqbench
Rhodomonas lacustris,wqbench,1,exact_filtered,Plantae,Cryptophycophyta,Chromista,Cryptophyta,wqbench
Sagittaria graminea,wqbench,1,gbif_resolved,Plantae,Magnoliophyta,Plantae,Tracheophyta,wqbench
Scytonema multiramosum,wqbench,1,exact_filtered,Monera,Cyanophycota,Bacteria,Cyanobacteria,wqbench
Spirodela punctata,wqbench,1,gbif_resolved,Plantae,Magnoliophyta,Plantae,Tracheophyta,wqbench
Stauroneis sp.,wqbench,1,genus_resolved,Chromista,Bacillariophyta,Chromista,Heterokontophyta,wqbench
Stylonychia pustulata,wqbench,1,exact_filtered,Animalia,Ciliophora,Chromista,Ciliophora,wqbench
Surirella brebissonii,wqbench,1,exact_unaccepted_filtered,Chromista,Bacillariophyta,Chromista,Heterokontophyta,wqbench
Surirella sp.,wqbench,1,genus_resolved,Chromista,Bacillariophyta,Chromista,Heterokontophyta,wqbench
Tetrahymena americanis,wqbench,1,gbif_resolved,Animalia,Ciliophora,Chromista,Ciliophora,wqbench
Tetrahymena borealis,wqbench,1,gbif_resolved,Animalia,Ciliophora,Chromista,Ciliophora,wqbench
Tetrahymena canadensis,wqbench,1,gbif_resolved,Animalia,Ciliophora,Chromista,Ciliophora,wqbench
Tetrahymena corlissi,wqbench,1,gbif_resolved,Animalia,Ciliophora,Chromista,Ciliophora,wqbench
Tetrahymena mimbres,wqbench,1,gbif_resolved,Animalia,Ciliophora,Chromista,Ciliophora,wqbench
Tetrahymena mobilis,wqbench,1,gbif_resolved,Animalia,Ciliophora,Chromista,Ciliophora,wqbench
Tetrahymena pigmentosa,wqbench,1,gbif_resolved,Animalia,Ciliophora,Chromista,Ciliophora,wqbench
Tetrahymena shanghaiensis,wqbench,1,gbif_resolved,Animalia,Ciliophora,Chromista,Ciliophora,wqbench
Tetrahymena tropicalis,wqbench,1,gbif_resolved,Animalia,Ciliophora,Chromista,Ciliophora,wqbench
Thalassiosira nordenskioeldii,wqbench,1,exact_filtered,Chromista,Bacillariophyta,Chromista,Heterokontophyta,wqbench
Thalassiosira sp,envirotox,1,genus_resolved,Chromista,Bacillariophyta,Chromista,Heterokontophyta,envirotox
Triceratium dubium,wqbench,1,exact_unaccepted_filtered,Chromista,Bacillariophyta,Chromista,Heterokontophyta,wqbench
Utricularia vulgaris ssp. macrorhiza,wqbench,1,gbif_resolved,Plantae,Magnoliophyta,Plantae,Tracheophyta,wqbench
Wolffia globosa,wqbench,1,gbif_resolved,Plantae,Magnoliophyta,Plantae,Tracheophyta,wqbench
Zannichellia palustris,wqbench,1,exact_filtered,Plantae,Magnoliophyta,Plantae,Tracheophyta,wqbench
